"W1","W2","W3","W4","Y"
0,4.04722063452937,2,0.922483684495091,0
0,4.88961724680848,1,0.888043528189883,0
0,4.2880436417181,1,0.727974267676473,0
0,0.548421303974465,0,0.929180703125894,0
0,2.404351294972,1,0.168389410013333,0
0,4.43149409024045,1,0.390427921665832,1
0,2.30484812520444,1,0.0477626321371645,0
1,3.64259563852102,2,0.253963588969782,1
0,2.57091483799741,1,0.961241978686303,1
0,1.35491723078303,0,0.987681199098006,0
0,2.66116503044032,2,0.754688240354881,0
0,3.09445461141877,2,0.365309571614489,0
1,0.899660137947649,1,0.457672932418063,1
0,1.98935490916483,2,0.49440621258691,0
0,1.57057740027085,0,0.371470044599846,0
0,1.86067663598806,0,0.883898532018065,0
1,0.128525389591232,1,0.267654387746006,0
0,4.10363014321774,1,0.0912269782274961,1
0,2.50818085274659,1,0.776144844479859,0
1,0.617669897619635,3,0.00788445072248578,0
1,2.48326975852251,2,0.216357527300715,0
0,2.13312825770117,0,0.800309537677094,0
0,4.17249232530594,1,0.582844795659184,0
0,1.53542057960294,2,0.787422643508762,0
1,0.391091555356979,1,0.548133266856894,1
1,0.0104760413523763,3,0.0664069685153663,0
1,0.851065665483475,2,0.558068241225556,1
0,4.99214595649391,2,0.516826987266541,0
0,2.66013215994462,2,0.712059885961935,0
0,1.56604295014404,1,0.328271936392412,0
0,3.58355390257202,0,0.949557768413797,0
1,4.4488429883495,2,0.513158653164282,1
0,4.7706657438539,3,0.483499500434846,0
0,1.11316114780493,1,0.854307127883658,0
0,1.6373202658724,1,0.574580002808943,0
1,3.29288157168776,1,0.599305340088904,0
0,0.198973555816337,1,0.826027413830161,0
1,0.870352135971189,2,0.0647684356663376,0
1,0.785925042582676,1,0.658101144479588,1
0,2.501798174344,1,0.333060946315527,1
0,1.03680123225786,0,0.709880790673196,0
0,0.81703192088753,2,0.111955173779279,0
1,2.54646016168408,1,0.828886258881539,1
0,0.701596030266955,2,0.407048755791038,1
0,2.68060174188577,1,0.755832881899551,1
0,0.249073151499033,1,0.900255501968786,0
0,1.40336045529693,1,0.781911012716591,1
0,0.621568519854918,2,0.38553390558809,0
1,0.339492850471288,1,0.0669060973450541,0
0,3.25406257878058,1,0.765204183757305,0
1,0.402869915124029,0,0.463362016016617,0
0,1.08671477180906,1,0.865704372525215,0
1,1.81900363299064,3,0.541111247148365,0
0,1.92737119039521,1,0.391016131732613,0
1,3.24178848415613,0,0.327816553879529,0
0,2.96233098721132,0,0.31173861771822,0
0,1.35144333937205,0,0.329959642607719,0
1,4.35484950430691,1,0.0290983514860272,0
0,0.972259603440762,1,0.0667608943767846,0
1,2.59026991901919,0,0.116003635106608,0
0,0.186039021937177,2,0.368820962961763,1
0,0.162946527125314,0,0.939571618568152,0
1,4.88705895724706,0,0.773493794258684,0
0,1.33526232559234,1,0.0580630055628717,0
0,1.58650733763352,1,0.590857063885778,0
0,4.3488231790252,2,0.673026663484052,0
0,3.78126739757136,0,0.613433368038386,0
0,0.800303186988458,1,0.300667929463089,0
0,3.483369005844,1,0.123602181207389,0
0,0.973069872707129,1,0.825243987608701,0
0,2.92444543447345,0,0.943049258552492,0
0,1.05692750541493,2,0.56005607964471,0
1,4.89302857313305,1,0.233256315579638,0
1,0.76477232738398,1,0.0333546446636319,0
1,0.693217915249988,0,0.159052923554555,0
1,2.74555174983107,0,0.636683644261211,1
0,0.429777596145868,0,0.317912322003394,1
0,0.163283278234303,1,0.786428131628782,0
0,0.272707669064403,1,0.92224182584323,1
1,2.09008965292014,0,0.0921699476893991,0
0,2.43645692709833,1,0.493593946797773,0
1,4.2605159105733,0,0.466704135993496,0
0,3.72865113778971,1,0.281186380889267,0
1,1.71357042272575,1,0.0971143974456936,0
0,4.83110234839842,1,0.838975120335817,0
0,4.36522254254669,0,0.578039434039965,0
0,1.85609601903707,1,0.450668436940759,1
1,4.32260924135335,3,0.0548448995687068,0
0,4.24934418755583,0,0.902535849716514,0
0,1.90322172245942,3,0.683273420901969,0
0,0.751858565490693,3,0.216136114904657,0
0,1.27033347380348,0,0.888891352107748,0
0,1.65385958389379,1,0.283882570220158,0
0,0.936703339684755,2,0.774796830955893,0
0,1.87929722480476,1,0.914005578495562,0
0,1.16603931062855,1,0.640900111291558,1
0,0.201492875348777,1,0.930346501525491,0
1,1.35739691671915,0,0.340965644689277,0
0,4.36205899342895,2,0.700889638159424,0
0,0.623142675030977,3,0.808084413176402,0
0,0.19970373949036,2,0.431443121284246,0
1,2.44543690816499,1,0.468459386611357,1
1,4.91125943139195,0,0.905199600383639,0
0,1.92981187137775,0,0.305309750139713,1
0,0.647668151650578,2,0.850940233329311,0
1,0.0613793695811182,0,0.0266226078383625,0
0,0.883364975452423,0,0.857105121249333,0
0,1.47928929887712,1,0.877953343093395,0
1,1.53244546498172,1,0.890676351962611,1
1,4.60625493433326,2,0.0332421129569411,0
0,3.72352824662812,0,0.866947493515909,0
0,3.25037508504465,0,0.794641616521403,0
1,0.984096290776506,1,0.783734030323103,1
0,2.69689994165674,1,0.943570201983675,0
1,4.87621053354815,1,0.0543531633447856,0
0,1.46385398576967,1,0.423425429267809,0
1,2.23059329902753,2,0.593265652656555,1
1,2.30579809169285,1,0.441847569309175,0
0,0.93252130667679,1,0.00285739242099226,0
0,1.07395884231664,1,0.349988260073587,0
0,2.04665484605357,3,0.556518770987168,0
0,3.89089362695813,0,0.615354470908642,1
1,4.3252747959923,0,0.952245283173397,0
0,3.39837346924469,0,0.172394889639691,0
0,0.295586130814627,2,0.590785181382671,1
1,3.16886240732856,2,0.029483700171113,0
0,4.16675284737721,2,0.426549682160839,0
0,1.85686694690958,3,0.0351951560005546,0
0,4.19368976727128,0,0.998502808855847,0
0,4.45751821040176,2,0.869562484091148,0
1,4.89922191482037,0,0.297715960070491,0
1,0.934451303910464,1,0.317742444342002,1
0,3.98445095983334,0,0.427447183290496,1
0,4.52776136458851,2,0.688171517336741,0
0,2.00523117440753,2,0.941037456737831,0
1,1.00376211921684,0,0.851480025798082,1
1,0.877392356051132,0,0.193331766873598,0
1,2.5400114513468,0,0.902085693087429,1
1,0.486020141979679,1,0.116624473128468,0
0,2.16543480637483,1,0.762543002376333,0
0,0.0151260383427143,1,0.638982922304422,1
0,1.60565851139836,1,0.918215958634391,0
1,4.50088859070092,1,0.0049946173094213,0
0,3.2847755739931,1,0.834269956219941,0
1,3.46522557549179,0,0.469427172560245,1
1,1.03735177544877,1,0.622341286158189,1
0,2.95291630085558,0,0.984855266986415,0
1,3.04980337969027,1,0.234060246963054,1
0,0.760152095463127,1,0.419483694480732,0
0,1.9731480453629,0,0.974375770427287,0
0,3.74030794599093,0,0.767413937486708,0
1,2.60977113503031,0,0.423055324470624,1
0,3.79702851991169,0,0.783717882586643,0
0,3.16183661925606,0,0.158855638001114,1
1,1.91003180923872,1,0.723866113694385,0
0,1.05736102676019,1,0.728866817662492,0
0,1.26487948000431,0,0.664228917332366,1
0,0.435003868769854,0,0.902223461307585,0
0,1.60315584391356,0,0.00642018741928041,0
1,1.68577002943493,3,0.418680658563972,1
0,1.66294070077129,1,0.993031929014251,1
1,3.9216883899644,1,0.270629288861528,0
1,0.153589537367225,0,0.162484004860744,0
0,0.328798744594678,1,0.895731797674671,0
1,3.68973847478628,1,0.2820576694794,1
1,4.93705974775366,2,0.228130915435031,0
0,2.82456681714393,1,0.865113014355302,0
0,0.0385188951622695,1,0.97915416629985,0
0,1.52960836421698,0,0.273469218285754,1
0,0.281780454097316,1,0.477052242262289,1
1,4.79289117152803,3,0.0334090103860945,0
0,0.761345304781571,1,0.684354946715757,0
0,2.3967602441553,1,0.203441042918712,0
0,3.10455814586021,0,0.662669857032597,0
1,3.67222700384445,3,0.748916678130627,1
0,1.01533996290527,0,0.753439646447077,0
0,3.26674993964843,0,0.657420533942059,1
0,3.63634017063305,1,0.628483688924462,1
1,1.18098047212698,1,0.0340371078345925,0
0,3.41697169467807,0,0.424012586707249,0
1,4.46104230359197,3,0.267322815256193,1
0,4.34237579116598,0,0.816369746113196,0
1,3.25361855444498,2,0.201774852816015,0
0,4.0026111388579,1,0.457072940655053,0
0,2.80953658977523,0,0.915746507234871,0
0,1.54154045740142,1,0.341083457926288,0
1,3.19235060713254,0,0.26631181477569,0
1,3.65438322420232,0,0.845034909434617,0
0,2.60622272617184,1,0.763365316670388,0
0,1.85793287470005,2,0.579101577866822,0
1,1.91697523579933,1,0.729929232737049,0
0,2.69609783776104,1,0.896564287599176,0
0,1.96551521657966,0,0.748564579058439,0
0,2.66647886252031,1,0.717927144141868,0
1,2.52094617346302,4,0.0623229811899364,0
1,3.35339352488518,1,0.469290881184861,0
1,3.40891992789693,0,0.111374787054956,0
1,4.45440499461256,1,0.76227543479763,1
0,0.933273790869862,3,0.846893263049424,0
0,0.833976471330971,2,0.822390913031995,0
0,4.62179396767169,1,0.829305477207527,1
0,4.62393926456571,1,0.611127247335389,0
0,4.4112640619278,0,0.331081174546853,0
1,1.72907371772453,2,0.0613405373878777,0
1,4.28139444440603,1,0.282171189552173,0
0,4.48479360318743,1,0.77504174830392,0
0,0.403678376460448,1,0.0482885683886707,0
0,2.56820902461186,0,0.457016733009368,0
0,0.0778165110386908,1,0.655921307159588,0
0,0.286731753731146,0,0.265389342792332,1
1,3.84781976346858,0,0.12354303104803,0
1,1.02657807059586,0,0.24177405028604,1
0,4.80488403118216,0,0.711914157960564,0
0,0.305038698716089,3,0.461012970656157,1
0,0.306221356149763,1,0.931220524944365,1
0,1.83795314049348,4,0.423381702275947,0
0,0.970284080831334,2,0.613572819158435,0
0,2.43554551852867,1,0.754749252228066,0
0,2.57013214635663,0,0.806671499507502,0
0,0.282154531450942,0,0.800985564477742,0
0,3.31544179120101,1,0.0921531321946532,0
1,0.492274853168055,1,0.650284293340519,1
0,4.65768452500924,1,0.763037415686995,1
1,0.767844629008323,0,0.841806450858712,1
1,2.29946061619557,2,0.621448018820956,0
1,0.397079446120188,2,0.523601017892361,1
0,3.65025341045111,1,0.429376245476305,0
1,4.62050797883421,2,0.283158066915348,1
0,3.63212649011984,1,0.688785972772166,0
0,0.131249749101698,0,0.190253931796178,1
0,2.55875155213289,0,0.73424381762743,0
1,3.51079684332944,1,0.892679783981293,1
0,0.0764092756435275,1,0.250807159114629,0
0,3.09299721266143,0,0.828045835718513,1
0,3.61638483242132,1,0.986391535727307,0
0,0.55551448604092,2,0.646747820544988,0
0,0.320533610647544,1,0.973126023309305,0
0,1.15912978770211,1,0.674797266256064,0
0,4.15386434178799,0,0.531451603630558,0
0,3.5392633615993,0,0.159119616728276,0
0,3.33602105150931,0,0.531592842657119,0
0,0.176861638901755,2,0.331833771197125,0
0,1.97212839848362,1,0.697457546368241,1
0,0.086125792004168,0,0.82111286255531,1
0,1.61096403608099,0,0.675170777598396,0
0,3.23105436982587,1,0.272466941736639,1
1,2.64719118946232,2,0.699385942425579,1
1,3.73361891484819,0,0.0677372156642377,0
0,1.40716421650723,0,0.457800501259044,0
0,0.104378618998453,1,0.707534480607137,0
0,1.42954280599952,2,0.377516905544326,0
0,2.42726289317943,2,0.503527223598212,1
0,3.35108397412114,1,0.896900005638599,1
0,1.61378993536346,0,0.758743470534682,0
1,4.73312730435282,3,0.229236558545381,0
0,1.21971946093254,1,0.712156038265675,0
0,0.87436193600297,2,0.404796915594488,1
0,1.3917943672277,1,0.942206989275292,0
1,2.53438276587985,0,0.153935128590092,0
1,4.76894813822582,0,0.183104373048991,0
0,3.29034884343855,2,0.658844678197056,1
0,1.75785819417797,0,0.634541656589136,1
0,4.85302248969674,1,0.705025421222672,0
1,2.69549300544895,1,0.0806635443586856,0
0,1.00315244868398,1,0.394188811536878,0
0,3.21335857035592,1,0.481612712377682,0
1,3.78734770347364,1,0.333671051776037,0
1,0.472929049283266,1,0.986080408794805,1
0,0.0437701912596822,2,0.67059171712026,0
1,0.272969389334321,3,0.251124857924879,0
1,1.33767811697908,0,0.198203052859753,1
0,1.81372283259407,3,0.660124654648826,0
0,0.264355024555698,2,0.90865776874125,0
1,4.92501701228321,1,0.288519355701283,0
1,2.04957947484218,0,0.487337750848383,0
0,1.15282882470638,1,0.9050943327602,0
0,2.99970041844063,2,0.252271221252158,0
0,2.88684150436893,0,0.773075936594978,0
0,2.06380179151893,1,0.294898544205353,0
0,3.46584489685483,1,0.33090266212821,0
1,1.46096304291859,1,0.0836372238118201,0
1,3.80921562900767,1,0.0481988049577922,0
0,1.32508862647228,4,0.833206896437332,0
0,2.33495797030628,0,0.916940583847463,1
0,0.603921407600865,1,0.480305393459275,1
0,4.20627655577846,0,0.286341092083603,0
0,2.23711708560586,2,0.931824231520295,0
0,1.35051166289486,1,0.349046549759805,0
0,4.49778599431738,1,0.417755066184327,0
0,3.62215135013685,0,0.899671537103131,1
0,0.582468986976892,2,0.667570340214297,0
1,1.07805289444514,2,0.31162994238548,0
0,0.959744055289775,2,0.00543617666698992,0
0,0.66942673176527,2,0.721106083365157,1
1,1.18411257164553,1,0.224622315727174,0
0,4.94400903931819,1,0.972962712636217,0
0,0.37549635162577,1,0.447684661950916,0
0,2.87155992700718,0,0.793430235004053,0
1,4.23694929340854,1,0.237122709630057,0
0,3.37882641120814,2,0.40400216775015,0
0,3.3226845425088,0,0.704024043865502,0
0,2.53945555887185,3,0.977458559209481,1
1,1.51424666517414,0,0.761341048404574,1
0,0.045501054264605,1,0.306094126775861,1
0,2.13754024473019,1,0.78228681255132,0
0,2.87971676676534,2,0.722310383804142,0
0,4.6903629519511,0,0.38951135543175,0
0,3.221960546216,1,0.104583182372153,0
0,2.62228553765453,1,0.46301882318221,0
1,3.89961556065828,1,0.411106516374275,0
1,4.81917313300073,1,0.493205266306177,0
0,2.30332450708374,2,0.85247112903744,0
1,3.65395541652106,0,0.217713699676096,1
0,4.78840352152474,1,0.252223628340289,0
1,0.607188699068502,2,0.728585998760536,1
1,4.4348916481249,2,0.845700535690412,1
0,3.85528773302212,0,0.512784009566531,1
1,4.23666913877241,1,0.812488211318851,0
0,3.05761807481758,0,0.943180035799742,0
1,4.75522823631763,0,0.32093492266722,0
1,2.32863542856649,1,0.554783414816484,0
1,1.68004752369598,2,0.831628000596538,1
0,0.30762484180741,0,0.0346392337232828,1
0,2.53354734741151,0,0.276215630583465,0
0,4.01497465907596,1,0.752428974956274,1
0,1.93349825800397,0,0.674080483848229,0
1,1.76829487085342,1,0.799349546665326,0
0,0.434133236994967,0,0.694968762574717,1
0,3.95420973887667,3,0.722765264799818,0
0,3.68670299882069,3,0.726861949078739,0
0,3.18192872684449,1,0.785091263009235,0
1,1.21940413606353,2,0.150844699935988,0
0,1.17494418052956,1,0.857486570486799,0
1,4.2348033178132,3,0.578723655315116,0
1,1.47801943589002,1,0.531962259439752,0
1,4.11753395223059,0,0.566328851971775,0
0,0.906896445667371,1,0.95389358443208,0
1,1.05245949700475,3,0.0567809226922691,0
0,4.22780262306333,1,0.0439636677037925,0
0,1.51706452597864,0,0.909023072337732,1
1,2.58410556125455,0,0.157276705605909,0
0,2.55400566267781,1,0.293689954327419,0
1,2.83807560335845,0,0.55527365161106,1
0,2.97349761240184,1,0.602590362541378,0
0,4.11467572208494,0,0.475919973338023,0
0,2.05758433672599,1,0.371727508259937,0
0,1.21864847722463,2,0.405084765749052,0
1,4.86607932951301,0,0.539614751935005,0
1,2.62054192833602,1,0.207847193581983,0
0,3.11630076612346,0,0.847690684953704,0
1,3.61495283199474,0,0.802810525754467,1
0,3.56820117798634,0,0.865349511848763,1
0,3.0408725887537,1,0.974773210706189,0
0,1.09972413163632,0,0.69024334452115,0
0,3.56543204165064,0,0.974096900783479,0
1,2.71138161420822,2,0.246101203141734,1
1,2.48835674487054,0,0.481251427670941,1
0,1.80008978699334,1,0.185084795579314,0
0,2.3524289438501,2,0.85628396179527,0
0,1.17845484288409,0,0.676159219583496,0
0,0.532421632669866,1,0.995516263647005,0
0,0.758425923995674,0,0.340725557878613,0
0,0.561467281077057,1,0.521033798577264,0
0,4.62525768089108,2,0.890393932815641,0
0,3.56925844447687,1,0.603221170138568,0
1,4.23489800305106,2,0.478942297864705,0
0,0.867337667150423,0,0.303750646300614,1
1,0.885814659995958,0,0.522499023703858,1
0,1.08046217239462,1,0.482897215057164,0
0,4.20975076383911,1,0.00286235054954886,0
1,1.75810590852052,1,0.450763047207147,1
0,2.12935718940571,3,0.142801117850468,0
0,4.72344005480409,1,0.894884081557393,0
0,3.8306027231738,1,0.132631865795702,0
0,3.32655865931883,0,0.153002427890897,0
1,1.40905524836853,1,0.450325022218749,1
0,4.23333938932046,0,0.00316739268600941,0
0,1.20711580850184,0,0.720486887264997,0
0,1.55683733290061,0,0.74496888415888,0
0,3.54944049264304,0,0.664773248834535,0
0,4.61072112317197,1,0.713218849152327,0
0,1.72887364169583,1,0.622847711434588,0
1,3.66570934187621,2,0.628098295535892,1
1,4.09557910519652,1,0.153937065973878,0
1,2.19398893415928,0,0.494249098701403,1
0,4.38924136571586,0,0.616985041648149,1
1,1.14930769079365,2,0.447008206509054,1
0,4.2401264491491,1,0.578197482740507,0
1,2.97026971937157,2,0.0772184701636434,0
0,3.2376135897357,1,0.997970883501694,0
1,1.40606149798259,1,0.115074476227164,0
0,2.28626635624096,0,0.139765553642064,1
1,2.27638424257748,0,0.199816546868533,0
1,4.48424051632173,1,0.939441569615155,1
1,4.92273436393589,1,0.0922080453019589,0
0,1.5169423900079,2,0.699560854351148,0
0,4.87595161190256,1,0.482824858743697,1
1,1.61380631732754,1,0.620021739741787,1
0,3.15818914794363,1,0.6968461452052,0
1,2.20555726555176,2,0.37671302142553,0
0,0.531867505051196,0,0.647668816847727,0
0,4.69127828953788,0,0.442683596629649,0
0,1.51819976279512,0,0.774939282797277,1
0,1.75301443436183,2,0.988393528852612,0
1,1.45216833683662,0,0.291192553937435,0
0,2.02081126277335,1,0.48409102181904,0
0,0.427850030828267,0,0.609787133987993,0
1,0.914691330399364,1,0.387000195914879,1
0,0.367560633458197,0,0.132381223374978,0
0,4.64671178604476,3,0.277196049923077,0
0,0.887938954401761,1,0.504930802853778,1
0,3.45011774683371,0,0.665283844107762,1
0,4.92579621495679,0,0.341857817955315,0
0,2.17696176492609,1,0.00415891990996897,0
0,3.18374923197553,1,0.476136041339487,1
0,2.91696370462887,1,0.515181529801339,0
0,1.48832980543375,1,0.751621368573979,1
0,3.14097831142135,0,0.287877704249695,0
0,1.35919219115749,0,0.787715618964285,0
0,2.10285255103372,1,0.663193460786715,0
1,2.23284078063443,1,0.333081478951499,0
1,2.17548738932237,1,0.0715292503591627,0
1,2.49726921087131,0,0.137981082312763,0
0,1.31727393600158,1,0.450334745226428,0
1,4.12301734904759,1,0.186752350302413,0
1,4.64945616084151,0,0.0980870586354285,0
0,4.96829914511181,1,0.574486105935648,1
1,3.54474476422183,1,0.206567669054493,0
0,1.96052542771213,4,0.132489741547033,0
0,4.15488882339559,0,0.850978987058625,0
0,0.9077820321545,1,0.697677365969867,0
0,0.865165155846626,1,0.0407201945781708,0
0,3.59792429138906,0,0.971510650357231,1
0,0.851156753487885,0,0.743426772765815,1
0,3.27359589980915,0,0.796648373128846,1
1,2.54656633944251,0,0.555914444848895,0
1,1.4667684212327,2,0.588213517097756,1
0,3.52573204552755,1,0.0609946919139475,0
0,4.28442002972588,1,0.836995980236679,0
1,3.11116357683204,1,0.668412480503321,1
1,4.55447047483176,1,0.102517592487857,0
1,1.03229518630542,1,0.821743935579434,1
0,4.8691731877625,1,0.484920768765733,0
1,2.09245985955931,0,0.395228839246556,0
0,3.03114562178962,0,0.307813379680738,1
0,2.94143696664833,1,0.70858391164802,0
0,3.45851316582412,1,0.747299984795973,0
1,4.42776146577671,2,0.140852682292461,1
0,3.47091309842654,2,0.713051226455718,0
1,1.73682867432944,1,0.528220413252711,0
1,0.515903398627415,3,0.0448109109420329,0
0,2.71987142390572,1,0.270364709664136,0
1,3.0227668362204,2,0.361791463335976,1
1,3.88526703114621,1,0.416061330121011,0
1,3.55706773349084,1,0.320375538663939,0
1,3.31717263441533,0,0.759068489540368,0
1,4.96893727220595,4,0.607176316669211,0
1,3.03997945738956,2,0.282842324580997,0
0,2.59015578543767,2,0.220590773504227,1
0,1.50637839687988,2,0.699062697822228,0
0,3.15798932570033,1,0.51267474796623,0
0,1.06694428483024,3,0.154118172591552,1
1,2.72120973677374,2,0.0803030610550195,0
0,2.65508662560023,0,0.941250193398446,0
1,2.28706906433217,1,0.952153036603704,0
1,2.50642393250018,1,0.212684049736708,0
0,4.04968153568916,1,0.960763804381713,0
1,1.95608941954561,1,0.201679367572069,0
0,1.85450195218436,3,0.318092263070866,0
0,1.26195554737933,2,0.668098219670355,0
0,1.93765843869187,0,0.773353015072644,0
0,2.07353846635669,0,0.698752946686,0
1,4.25630597397685,0,0.124330177204683,0
0,3.80202249973081,0,0.553145772544667,0
0,0.875490785110742,0,0.396591834723949,1
0,0.501538219396025,1,0.394423786085099,0
0,4.8595175286755,0,0.0106454689521343,0
1,4.35862121754326,1,0.555889375507832,0
0,1.46445941645652,1,0.347702205181122,0
0,1.65540257585235,0,0.608559551415965,0
0,2.75667013949715,0,0.912311376538128,0
0,0.791693126084283,2,0.82870800094679,0
0,1.59318297170103,2,0.842822125414386,0
1,1.30777653306723,0,0.0834089412819594,0
1,3.53241843637079,1,0.204130329191685,0
0,1.79563265061006,1,0.525126432999969,0
1,2.13755637290888,1,0.329388663638383,0
0,1.58728748443536,1,0.776667791884392,0
0,2.10585112217814,2,0.117152283200994,0
1,2.17680669738911,2,0.135397908044979,0
0,0.0715287460479885,0,0.861207395093516,1
0,0.148611915064976,2,0.910992268240079,0
0,0.249956131447107,2,0.478118374245241,0
0,2.24772457033396,0,0.366337189916521,0
0,1.37787320767529,1,0.495740124257281,0
0,2.86074112053029,2,0.478609109064564,0
1,1.06144957360812,2,0.425714027136564,1
1,2.88878312683664,2,0.211198857519776,1
0,2.54861269379035,0,0.684802468633279,0
0,1.20183499297127,1,0.754683797713369,0
1,3.23492691852152,2,0.0742270089685917,0
1,0.935628263978288,0,0.0594513213727623,0
1,3.13696613186039,1,0.626753147458658,0
0,1.37261234340258,2,0.93006595200859,1
0,1.96532755857334,2,0.210609909612685,0
1,4.12042865296826,0,0.0126309716142714,0
0,3.48470534314401,2,0.447297628968954,0
0,2.88227232638747,2,0.976165255298838,1
1,3.73952186317183,1,0.887740025529638,1
0,3.34125737543218,1,0.903662162134424,1
1,3.37604458909482,1,0.23791748448275,1
0,4.45226776064374,3,0.792707852553576,0
0,0.815107033122331,0,0.531156108947471,0
0,2.30992761207744,0,0.796799806179479,0
1,2.7121268841438,1,0.136465835385025,0
0,0.664211201947182,2,0.281430585077032,0
1,4.22918103635311,1,0.965446304297075,0
0,1.19509735377505,0,0.902657121187076,0
0,0.425874958746135,2,0.520113857230172,0
0,2.92932414566167,2,0.354218817083165,0
0,4.26968346699141,1,0.862226016819477,0
0,0.273737573297694,1,0.634075696114451,0
1,2.66472173505463,2,0.981039694743231,1
0,1.44843459944241,2,0.182767254766077,1
0,0.192906270967796,0,0.546521917916834,0
1,0.325932998675853,0,0.139233164489269,0
1,3.01110829226673,2,0.454265203559771,0
0,3.94018955761567,0,0.729723176453263,1
0,0.823548233602196,0,0.98123316722922,0
0,3.61658829380758,1,0.527922903187573,1
0,0.1984778419137,1,0.776023663813248,0
0,4.84830221859738,0,0.821777573088184,0
1,3.65005941945128,1,0.423571321181953,1
0,0.773137204814702,1,0.663323749089614,0
0,0.789150245254859,1,0.0133885599207133,0
0,0.0612609146628529,1,0.541515096323565,0
1,2.76033927686512,2,0.16892454191111,0
0,0.482155297650024,1,0.465393978869542,0
1,3.87141442042775,1,0.425112394616008,1
1,1.67213386506774,0,0.00157698406837881,0
0,3.13596307532862,0,0.562710386235267,0
0,1.79955642786808,2,0.650755896233022,0
1,3.65757078165188,1,0.0760029528755695,0
1,4.53061062959023,1,0.66468369285576,0
0,4.43605082109571,1,0.149190003052354,0
0,1.3542880024761,2,0.982078035362065,0
0,0.827835435047746,2,0.346725501585752,0
0,1.97993573034182,1,0.713911294471473,0
0,3.45343735301867,2,0.98119654878974,0
0,4.0616189443972,2,0.734820585697889,0
1,0.790193488355726,2,0.744720566086471,1
0,4.23969321884215,0,0.948309753555804,1
0,1.19732842314988,2,0.156348236603662,1
1,2.26974577992223,0,0.580756189767271,0
1,4.13048957125284,1,0.152153515722603,0
1,3.48574819974601,2,0.538619382772595,0
1,2.83587890560739,0,0.0615827550645918,0
0,2.70896783331409,0,0.243111616931856,1
0,1.21628679684363,3,0.837422780925408,0
1,3.34881487651728,0,0.547583556966856,0
0,3.89380636857823,1,0.925953219644725,0
0,0.83625488798134,1,0.492727533215657,1
1,0.523812974570319,2,0.942915712483227,1
1,2.59115876047872,0,0.617917979834601,1
1,1.72086711623706,2,0.439823085442185,0
0,1.91679695039056,1,0.992433348437771,0
1,1.20007734047249,3,0.466925740242004,1
0,4.79829247691669,2,0.585841174004599,1
0,4.22229641582817,3,0.682005149545148,0
1,3.14519763109274,1,0.840319220907986,1
0,4.39595822477713,2,0.227733723586425,0
1,2.1467559481971,1,0.938991214847192,0
0,2.43060480570421,4,0.104094497626647,0
0,3.50592666072771,1,0.955491530941799,0
0,2.18213421176188,0,0.849730146117508,0
0,4.09916079370305,2,0.713195401476696,0
1,4.33306665974669,2,0.68223258596845,0
1,0.620743116596714,1,0.0827707711141557,0
0,0.96611084183678,0,0.586217670701444,0
0,1.58342566341162,1,0.464582407148555,0
1,0.589038637699559,1,0.129266502801329,0
0,3.77052493859082,1,0.757734181592241,0
1,0.396303125889972,1,0.25849850429222,0
1,4.02202831115574,2,0.707501827506348,1
0,4.45338219520636,0,0.664820031495765,0
0,3.59016830567271,2,0.906677485676482,0
0,3.73675845679827,3,0.686173046706244,1
1,3.66276265471242,0,0.177222207654268,0
0,4.45608357083984,0,0.990538177546114,0
1,2.97507927403785,2,0.256470083724707,0
0,2.44100649259053,2,0.967439629137516,0
0,4.58645691047423,0,0.496616694377735,0
1,4.81031765812077,0,0.135469161672518,0
1,4.15806834003888,1,0.0924297929741442,0
0,1.47283925674856,1,0.81664768839255,0
0,2.01337134465575,1,0.336278183152899,0
0,4.30690348846838,0,0.322515963343903,0
0,2.89009723230265,2,0.928899272112176,0
0,0.119278674246743,1,0.367731594946235,0
0,3.00687842536718,1,0.843268390279263,0
0,4.4461822451558,1,0.962905871449038,0
0,0.614404460648075,0,0.621745230164379,1
1,3.80787684000097,1,0.229106540093198,0
0,2.74253433919512,3,0.785064554074779,0
0,0.828458977630362,0,0.842588599538431,0
0,3.61036248272285,1,0.515003179665655,1
1,1.53923473670147,1,0.290834184037521,1
0,2.51807980705053,1,0.256077231140807,1
0,4.06504156766459,2,0.416079580085352,0
0,0.476720526348799,0,0.0522524025291204,0
1,2.77823017677292,1,0.0732696950435638,1
1,2.34904117649421,0,0.620533205801621,0
1,4.24359407857992,1,0.746819272870198,0
1,2.96458220807835,2,0.243833075044677,0
0,4.33382600545883,1,0.49150142678991,0
0,2.27676522103138,2,0.524201246676967,1
1,0.284913773648441,0,0.00397595018148422,0
1,1.73233646666631,0,0.113425633637235,0
0,0.842155979480594,1,0.624021025141701,0
0,0.0888746115379035,1,0.680517344968393,0
0,4.63048879872076,2,0.531583862844855,0
1,0.248487211065367,1,0.254728701431304,0
0,2.6465003634803,2,0.778171173296869,0
1,0.0198701990302652,2,0.481016582809389,1
1,1.48987514781766,0,0.255113240797073,1
1,4.69976477441378,1,0.424473820487037,0
0,0.631117672892287,2,0.611315573798493,0
0,3.38565746904351,0,0.366136423544958,0
0,2.51972954371013,0,0.519144118065014,1
0,3.10960353934206,2,0.67698168894276,0
0,3.91602851334028,1,0.992614679737017,0
1,2.05579623463564,0,0.114381429972127,0
0,1.03464769083075,0,0.33336910395883,0
0,2.16935345320962,1,0.476367796771228,0
1,3.2971529988572,1,0.545395566383377,0
1,1.12669004825875,0,0.267939838347957,1
0,4.29017415153794,1,0.580048699164763,0
0,0.810304903425276,0,0.273720148252323,1
1,1.21109433588572,1,0.304376209853217,1
0,2.65174027299508,1,0.651115525979549,0
1,0.471331248991191,1,0.022633750224486,0
0,3.85242105927318,0,0.954060615273193,0
0,2.74553945055231,1,0.732924628769979,1
1,2.90251165395603,0,0.899682943476364,1
1,3.67040228331462,0,0.0673386245034635,0
1,4.38291772501543,2,0.166684984695166,0
1,2.04874338349327,1,0.188556641340256,0
0,1.64830049267039,0,0.467492640018463,0
0,1.10440831282176,2,0.422292877919972,0
0,4.23838591435924,1,0.609216921264306,1
0,2.2728685149923,0,0.361484524328262,0
1,0.195042070699856,1,0.550165029941127,1
0,4.36602964764461,3,0.776339184958488,0
0,3.20956274634227,0,0.943451648345217,0
1,3.3056045754347,2,0.318815714446828,0
0,0.627522488357499,0,0.644359900383279,0
1,1.72969792969525,0,0.128076152643189,0
0,0.572627752553672,1,0.777861770940945,0
1,2.26122058113106,1,0.447385476203635,0
0,4.85705517348833,2,0.623240160522982,1
1,4.41785321570933,0,0.27989975688979,0
1,1.14525563083589,2,0.30511526344344,1
1,1.22817188617773,1,0.685117715038359,1
1,3.43903805362061,2,0.0338789923116565,0
1,1.38512765523046,0,0.122501843143255,0
0,4.89611968398094,0,0.798863784177229,0
0,4.11673811729997,0,0.818225130205974,1
0,2.34594877925701,0,0.798430394381285,0
0,4.07550221425481,1,0.367287758970633,0
0,4.83126097475179,1,0.770583336241543,0
1,1.00310966256075,1,0.128430034965277,0
1,1.13928950158879,0,0.118862004252151,0
0,2.67107664141804,2,0.543065207544714,0
0,4.26846125163138,1,0.524977401597425,1
1,4.22557935700752,1,0.0630294214934111,0
1,1.85454483493231,0,0.938365782843903,1
1,3.46136653795838,1,0.646563921123743,0
1,2.66420711064711,1,0.400832088897005,1
1,1.42723317840137,0,0.0556620231363922,0
0,1.54229145497084,1,0.807146347593516,0
0,0.676096389070153,2,0.285865614190698,0
0,1.05280205840245,2,0.855331894708797,0
0,1.39898227527738,1,0.497195256641135,0
1,3.75966081628576,0,0.0578781324438751,0
0,0.664606965146959,2,0.419604144990444,0
1,2.46843627654016,0,0.364071990828961,0
1,2.64166102628224,3,0.931814234238118,1
0,3.02929898025468,3,0.895580783719197,0
1,2.01928572147153,0,0.614243661751971,0
1,3.59476026729681,1,0.86979488353245,1
0,3.94764296826907,2,0.737639114027843,0
0,1.02467497228645,0,0.825793328462169,0
1,0.586872044950724,2,0.474734198302031,0
1,4.38234117231332,2,0.30957025452517,0
1,4.25995406578295,1,0.225335750961676,0
1,3.53889640886337,1,0.407615477917716,0
1,4.07601081184112,1,0.0571973093319684,0
0,0.774532700888813,0,0.291458409745246,0
1,1.23138059629127,0,0.26003674371168,1
0,1.98933067382313,1,0.315385971684009,0
0,2.01001813868061,1,0.258966050343588,0
1,1.68434116290882,0,0.294093694770709,0
0,3.1153220392298,1,0.414197060745209,1
0,0.271644649328664,0,0.119793100981042,0
1,1.61283234716393,0,0.24689603317529,1
1,0.922332793707028,0,0.179160941857845,1
1,1.39471197500825,3,0.48034353624098,1
0,4.15183517965488,0,0.208845244720578,0
0,3.74828085303307,0,0.690396832767874,0
0,2.10530493874103,0,0.915544273331761,0
0,4.77316745906137,0,0.389697188744321,0
0,3.90283333486877,3,0.671828962164,0
0,3.1288422527723,0,0.739682965679094,1
0,4.40335136139765,0,0.345462578581646,0
1,3.88777148444206,1,0.241021513007581,0
0,1.2006806768477,2,0.873162223724648,0
0,4.06191476853564,1,0.164417250780389,0
0,1.10330136725679,0,0.950676649808884,0
0,4.21814938890748,2,0.147595166927204,0
0,1.54778512893245,1,0.749255093047395,0
1,3.3256380201783,1,0.68246672837995,0
0,2.77418913668953,1,0.781186962500215,0
0,2.54788950551301,1,0.633956957608461,0
0,4.04186625266448,0,0.197196745779365,1
1,3.87632940313779,2,0.0555863259360194,0
0,1.58765211701393,0,0.972416617441922,0
0,0.435688990401104,1,0.708473837003112,0
0,4.73876117030159,2,0.876589327119291,0
0,0.924700286705047,1,0.971155512146652,0
1,0.552139716455713,2,0.0295253442600369,0
0,2.7908992045559,0,0.353211293462664,0
0,4.68712299480103,1,0.289477023063228,0
0,3.66218039649539,0,0.223668590886518,0
0,3.0790687946137,0,0.667935056146234,0
0,4.43767474615015,1,0.340929066529498,0
0,3.5419793066103,1,0.72163254301995,1
1,2.19725676695816,1,0.0749533555936068,0
0,0.537673768121749,1,0.879616596503183,0
0,1.7835483897943,2,0.705078465864062,0
0,1.49171156343073,0,0.973228964488953,1
1,4.54914146917872,1,0.373270916752517,1
0,2.98862483003177,1,0.420431497041136,0
1,3.24352573486976,3,0.682962187100202,0
0,2.97443767427467,0,0.669164175633341,1
1,3.53732665884309,1,0.991621376248077,1
1,3.84016513358802,1,0.307860741857439,1
1,0.538380815414712,1,0.403021281817928,0
1,3.79174281377345,2,0.219871474197134,0
1,3.20083162514493,0,0.13429848337546,0
1,0.774421986425295,2,0.0347266234457493,0
0,1.23937814845704,1,0.948602247750387,0
0,1.76890012109652,1,0.950744968373328,0
0,0.929556248011068,2,0.717939253430814,0
0,1.45061462884769,1,0.313991518691182,0
0,2.43016121676192,1,0.995063789887354,0
0,0.57980039389804,0,0.292916732141748,0
0,2.41089336457662,2,0.667513918364421,0
0,3.87641588109545,0,0.354528410360217,0
1,0.994785591028631,0,0.400366800138727,1
0,3.35957034491003,0,0.739181540440768,0
0,4.35831183218397,1,0.35816233442165,0
0,3.74790804693475,1,0.451721786987036,1
0,0.875065058935434,1,0.916910203406587,0
1,4.45440042763948,0,0.143428598996252,0
1,0.845406118314713,1,0.54719050694257,1
0,1.81047420483083,0,0.637041138950735,0
0,4.91185662103817,2,0.423081099521369,1
1,3.61875284463167,1,0.340173942968249,0
0,4.26063304883428,1,0.38654674962163,0
1,0.0150145427323878,3,0.317591336555779,0
0,3.07105126557872,2,0.501914956141263,0
0,1.66849792003632,1,0.60555862239562,1
0,1.12947930698283,0,0.981700978940353,0
1,1.31877941894345,1,0.114997803000733,0
0,2.77483430341817,1,0.440446358174086,1
0,1.51277752127498,1,0.0976777798496187,0
0,0.0870980054605752,1,0.661771482788026,0
0,0.801530451280996,0,0.85661901650019,0
1,4.6251185471192,1,0.438307849690318,1
0,2.99253118573688,0,0.983797332039103,0
0,3.5153412388172,0,0.296929703326896,0
1,1.15970583749004,2,0.10148806637153,0
1,3.90111354412511,0,0.0880723095033318,1
0,0.354135695379227,1,0.992969661951065,0
0,1.51665179640986,2,0.502758822171018,0
0,0.155173066304997,0,0.582254685228691,1
1,2.70096810418181,1,0.727798985084519,1
1,0.923479715129361,1,0.619111660402268,1
0,3.23941784328781,2,0.973430533427745,1
0,0.750492160441354,1,0.422701676143333,0
0,1.02087667677552,2,0.696398935513571,1
1,0.011300299083814,2,0.129644457250834,0
0,3.23592485277914,1,0.221921659074724,0
1,2.04286933760159,3,0.563631161814556,0
0,4.29732169723138,2,0.945346076507121,0
1,3.81567578879185,0,0.0815871513914317,0
0,2.16621791478246,1,0.622677541570738,0
0,4.73090230487287,1,0.442578334594145,1
0,4.31737159495242,1,0.883351533440873,0
1,2.95275152544491,1,0.320017256308347,1
0,4.34700958081521,1,0.519636478740722,0
0,0.218383593019098,1,0.573517697397619,1
0,3.73234195401892,2,0.236933093750849,0
0,1.22773565701209,2,0.474490508669987,1
0,1.66052106302232,1,0.916170353768393,0
1,3.79384791245684,3,0.139105366310105,0
0,3.86142752831802,1,0.518718597944826,0
1,2.50798811437562,0,0.0660645072348416,0
0,0.0168113003019243,1,0.425275135552511,0
0,2.21041672746651,2,0.377209914382547,0
0,0.681510798167437,2,0.914743954082951,0
1,4.69542327104136,1,0.297782290028408,0
0,2.76677347021177,1,0.933221271960065,0
0,3.21839738753624,1,0.501200121594593,0
1,2.85947982803918,0,0.394434571266174,1
0,0.0606026756577194,0,0.23124939086847,1
1,1.88135004020296,0,0.613488541217521,0
0,0.188977584475651,2,0.475578508572653,0
1,4.26041340106167,0,0.324062586063519,0
0,0.603983183391392,0,0.32936091022566,0
0,2.48325336840935,3,0.714660148601979,0
0,2.90256616310216,3,0.896813364233822,0
1,2.19819228048436,1,0.0707869292236865,0
0,4.04288197634742,0,0.717375498265028,0
0,3.02601830102503,1,0.808515733806416,0
0,2.21022535813972,2,0.726240408839658,0
1,2.2706103825476,0,0.524772527627647,0
0,1.84944037464447,3,0.362194969551638,0
1,1.00845443434082,1,0.748073026770726,1
0,2.89597373921424,0,0.539536988828331,0
0,3.61820983584039,1,0.555161820258945,0
0,4.2716841341462,0,0.0818631784059107,0
1,4.43269302020781,1,0.111857076641172,0
0,0.350211792392656,1,0.51340869651176,0
0,3.58042070409283,1,0.570541762281209,0
0,2.58681176463142,1,0.429293133318424,0
0,0.440124765736982,5,0.644221151946113,1
0,0.955612845718861,3,0.0719454057980329,0
0,4.10022563301027,1,0.106800387613475,0
1,3.03069309913553,0,0.386979591101408,1
1,4.55012737424113,2,0.283825570950285,0
0,0.309889701893553,0,0.646862309193239,1
1,4.76853370899335,2,0.389672844670713,0
0,0.933279641903937,1,0.275086866691709,0
0,1.1119050544221,2,0.0969003685750067,0
0,3.88922739890404,2,0.926945097045973,0
0,0.161891700699925,1,0.917456262512133,0
0,3.4682394634001,2,0.789526103064418,0
1,1.17884010192938,1,0.150380676612258,0
0,0.893799611367285,1,0.205952482530847,0
0,2.52876008395106,2,0.552174630342051,0
0,1.2105934752617,0,0.961704500485212,0
0,3.98491844069213,1,0.506470235064626,1
0,3.09054047451355,0,0.227355320006609,1
1,2.92476531816646,2,0.231342668179423,1
0,0.859425020171329,0,0.752526470925659,0
0,1.45675595384091,1,0.419077490456402,0
0,1.90101902582683,0,0.621823687804863,0
0,1.05889470665716,1,0.527033559512347,0
1,2.74049595929682,2,0.0670859487727284,0
1,1.80044075823389,1,0.66837941063568,1
1,1.71474781003781,1,0.00716728111729026,0
1,2.25273794610985,0,0.331354013178498,0
0,2.58471841341816,0,0.49805257213302,0
0,4.82234777533449,0,0.271489313337952,0
0,1.8821544572711,2,0.460322857135907,0
1,3.1936493050307,0,0.19105258025229,0
0,2.75760750169866,0,0.535669925855473,0
0,3.544963656459,4,0.632752393139526,0
0,0.751965795643628,1,0.0455133421346545,0
1,3.36327922530472,1,0.516057348111644,0
1,1.00456254323944,1,0.383120803162456,0
1,1.52143201092258,0,0.071944820927456,0
1,1.99848990538158,1,0.0481780332047492,0
1,1.28560369019397,1,0.48127839085646,1
0,1.70962954871356,2,0.562985328491777,0
0,4.94479524670169,1,0.521705177612603,0
1,3.72906937263906,2,0.216642720857635,0
1,2.00638791313395,3,0.87239642185159,0
0,3.13045887742192,1,0.688178138574585,1
1,3.93636116874404,2,0.0861214858014137,0
1,3.23728986200877,2,0.145213717827573,0
1,1.76203908980824,0,0.246875322889537,0
0,2.1048922627233,2,0.812879672972485,0
0,3.54495277861133,2,0.0212309269700199,0
0,2.57905234233476,0,0.674523004097864,0
1,3.77229584963061,1,0.579965678974986,1
0,4.09887025132775,3,0.120272041065618,0
1,2.75835532112978,2,0.700522427679971,0
0,2.74209329974838,2,0.552173800766468,0
1,3.72271015192382,0,0.598355695605278,1
1,0.424037964548916,0,0.250099855009466,0
0,4.94488030089997,1,0.789062346098945,0
1,2.82295764423907,1,0.433990330435336,1
0,4.76473493501544,0,0.629369885660708,0
1,1.69071514741518,2,0.523820702219382,1
1,0.188244383316487,2,0.085060196230188,0
1,4.07846683054231,0,0.93921691714786,1
0,3.21787004359066,1,0.686791424406692,0
0,2.42076573427767,0,0.87997559690848,0
1,3.19223824772052,1,0.241866775089875,0
0,4.40974884433672,0,0.711040472378954,0
1,1.8897539016325,2,0.327952321618795,0
1,0.180838282685727,1,0.395975003251806,0
0,1.93156338180415,1,0.49796653422527,0
0,4.33405252639204,1,0.0803694580681622,0
0,1.25664698542096,0,0.635550086153671,1
0,2.44753021164797,1,0.283030482474715,0
0,3.73170893173665,0,0.384305213112384,0
0,1.58232726273127,1,0.970311692217365,0
0,1.4923814451322,0,0.815413203090429,0
1,4.75733361905441,1,0.619061695178971,1
0,2.34480710118078,0,0.375786214601249,0
0,4.88139735767618,1,0.0920395157299936,1
0,2.39596680738032,2,0.92721499921754,0
0,0.541771952994168,0,0.658833632711321,0
0,4.57134353462607,2,0.758297689026222,0
1,0.498583995504305,0,0.871593772433698,1
0,3.02854204550385,3,0.615528337424621,1
1,4.09613014780916,0,0.271235255757347,0
0,4.88442376605235,2,0.746138415299356,0
0,3.6701463512145,1,0.365341005846858,0
0,0.116963168838993,2,0.0463106313254684,0
0,3.54048754670657,1,0.0596468653529882,0
1,2.1470252785366,1,0.0558023266494274,0
0,0.671026729978621,1,0.512698377016932,0
0,3.77619041013531,0,0.941223215078935,0
0,1.36503149638884,1,0.480030422331765,1
1,3.19325079210103,0,0.69296859507449,0
1,1.85867383610457,1,0.517232206184417,0
1,3.58941737562418,1,0.120805732905865,0
1,1.65407867403701,1,0.197201948845759,0
0,2.81685291207395,0,0.620809216052294,0
0,3.042980277678,0,0.528697372414172,0
1,0.288284776033834,3,0.0496980170719326,0
0,3.94887685542926,1,0.157132759224623,0
0,2.31792632024735,0,0.298139181686565,0
1,3.27138541964814,0,0.205695879878476,0
1,1.27273419406265,2,0.102646036772057,0
0,0.445889870170504,0,0.936279399786144,0
0,2.92190293548629,0,0.567945192335173,0
0,0.181327619357035,1,0.99635110097006,1
0,3.60967576154508,0,0.402113892370835,0
0,4.17544889845885,1,0.636703570839018,1
0,4.15304464404471,1,0.196243287995458,1
0,0.992504436289892,1,0.790049206931144,0
0,1.1875983432401,0,0.762514682253823,0
0,3.65750721190125,1,0.141341893468052,0
1,4.94209544616751,1,0.00675486633554101,0
0,3.745782955084,1,0.877082330174744,0
1,1.43292083754204,0,0.525566556025296,1
1,4.59072199300863,1,0.00888514705002308,0
0,1.05078815482557,1,0.516995682381094,1
1,0.776581346290186,1,0.201662875944749,0
0,1.12126198830083,1,0.314095326000825,0
0,0.318103786557913,1,0.376554859336466,0
0,1.46228193072602,2,0.586645311210304,1
1,4.75491320714355,0,0.159869749564677,0
1,3.92946235369891,1,0.163406840059906,0
0,2.82382005709223,0,0.933213246520609,0
0,2.8609533526469,1,0.666752491844818,1
0,0.450486032059416,1,0.916870100889355,0
0,3.17296034889296,0,0.256073288852349,1
0,3.87345514609478,1,0.679044631076977,0
0,3.21520467521623,1,0.442874950123951,1
1,1.85015684575774,0,0.184879047330469,0
1,2.70814037532546,1,0.244431107537821,1
0,4.16552697191946,0,0.89586522243917,0
0,4.15408475790173,0,0.172054535709321,0
0,2.05873461673036,0,0.745013818377629,0
0,2.26211497443728,2,0.0800190870650113,1
1,1.9724778435193,0,0.722920220345259,0
1,0.651582896243781,1,0.00772871705703437,0
0,3.75568131916225,1,0.784669374581426,1
1,4.29253733018413,2,0.519802035531029,0
1,4.87425824860111,0,0.274920404190198,0
1,4.92058351752348,1,0.220251452410594,0
0,0.636838899226859,2,0.526254605734721,0
0,4.04179108445533,2,0.170228610513732,1
0,2.07470994791947,2,0.389329598052427,1
1,4.10398226231337,1,0.316214653663337,0
1,0.2888363157399,2,0.0200233226642013,0
0,1.00295352749527,1,0.762983464170247,0
1,4.54089949140325,1,0.367799112806097,1
0,2.50003927038051,2,0.828459877055138,1
1,3.63314379937947,2,0.369079824304208,1
1,1.39087985269725,0,0.216846206458285,1
0,0.650098162004724,1,0.67089088074863,1
0,2.72604116005823,0,0.536788116907701,0
0,1.60132638178766,2,0.710825144080445,0
1,2.12267139693722,0,0.31513682496734,0
0,0.736317069968209,1,0.473635510308668,0
0,3.57186516746879,2,0.909681380493566,0
0,2.37012748140842,1,0.947691762354225,0
1,0.726816682145,2,0.261702107731253,0
0,2.03951200586744,0,0.769013523124158,0
1,3.31939438940026,1,0.491818493930623,0
0,3.69070312706754,1,0.738901255186647,0
0,3.59703629277647,1,0.666744088986889,0
0,4.09564830479212,0,0.92106840852648,0
