"W1","W2","W3","W4","A","Y"
1,67,-0.95,-2.81,0,1
1,52,-0.06,0.35,0,0
1,73,0.92,-0.6,1,0
0,62,-1.56,0.64,0,1
0,62,-0.7,1.62,0,1
1,72,1.32,-0.34,0,1
1,64,0.21,-0.71,0,0
0,65,0.34,-0.06,1,0
1,68,1.08,0.14,0,0
1,50,0.47,0.78,0,0
0,71,0.65,-0.37,0,0
0,63,-0.3,-0.65,0,1
0,69,-2.45,1.1,0,1
0,66,0.91,-0.46,1,0
1,57,-2.08,-0.55,0,1
0,60,-0.22,-0.82,0,1
1,62,-0.23,0.11,0,0
1,69,-0.33,1.53,1,0
1,73,-0.75,-3.36,0,1
0,55,0.81,1.17,1,0
0,58,0.74,0.16,1,0
1,54,-3.23,1.44,0,0
0,69,-1.73,1.27,0,1
1,61,1.14,2.64,1,0
1,54,0.51,0.02,0,0
1,72,0.93,-0.79,1,0
1,59,-0.02,0.5,0,0
1,52,-0.59,0.69,0,0
0,58,0.75,0.61,0,1
0,59,-0.3,-0.17,0,0
1,67,2.65,0.12,1,0
1,52,-2.35,0.99,0,0
0,55,0.93,-0.52,1,0
1,53,0.17,-1.28,0,0
1,58,0.13,0.94,1,0
0,67,0.66,0.86,1,0
1,58,-1.87,1.98,0,0
1,54,0.5,0,0,0
0,57,-0.13,0.02,0,1
1,65,-0.65,0.05,0,0
1,50,-1.1,0.03,0,0
1,59,-1.76,-0.7,0,0
0,64,-0.71,1.56,0,0
1,60,0.6,-0.7,0,0
0,58,0.78,0.57,0,0
0,51,-0.91,-2.97,0,1
0,69,0.5,0.39,1,1
1,59,1.82,0.28,1,0
0,63,0.15,-0.5,0,1
1,71,0.13,0.36,1,0
0,63,2.69,2.5,1,0
0,66,-0.57,-0.98,0,1
1,59,0.64,-0.96,1,0
1,66,-0.42,0.08,0,0
1,53,-0.22,-0.73,0,0
1,72,0.74,-0.01,1,0
1,69,0.78,0.91,1,0
1,51,0.95,0.58,1,0
1,62,0.94,-0.22,0,0
0,67,-0.33,-1.99,0,1
1,73,-0.13,-1.34,0,1
0,61,-0.99,0.27,0,1
1,61,-0.55,0.04,0,0
1,52,-0.28,-0.64,0,0
0,54,-0.73,0.84,0,0
1,64,0.37,-0.4,1,0
0,63,0.35,-0.42,1,0
0,68,3.47,-0.1,1,0
1,67,0.11,-1.3,0,1
1,71,-0.51,-0.03,0,1
0,65,0.03,0.25,0,1
0,50,-0.72,1.22,1,0
1,72,0.45,-0.8,0,0
1,52,-0.58,-1.62,0,0
1,68,0.22,0.31,1,0
1,53,-0.93,0.35,0,1
0,54,0.83,2.03,1,0
0,60,0.19,-0.84,0,1
0,61,0.55,0.1,0,0
0,59,0.05,0.24,1,0
1,64,0.12,0.87,0,1
1,70,-0.16,-0.73,0,1
0,74,-0.75,0.97,0,1
1,61,0.25,0.32,0,0
0,54,-0.32,-1.03,0,0
0,67,0.41,1.93,1,0
0,54,-0.14,1.43,1,0
1,57,1.45,1.77,1,0
0,60,0.17,-1.25,0,0
0,52,-0.19,1.11,0,1
0,70,-0.12,-0.84,0,1
0,50,0.07,0.02,0,0
0,57,-1.04,-0.09,1,0
0,55,-0.34,0.17,1,0
1,72,0.82,2.82,1,0
0,59,0.74,0.66,1,0
0,64,-1.1,0.43,1,0
1,51,-1.09,-1.04,0,0
1,56,0.64,1.21,1,0
1,50,-0.57,1.15,1,0
0,64,-2.29,2.16,0,1
1,64,0.48,-1.38,0,0
1,63,-0.57,0.99,0,0
0,54,-1.7,0.31,0,1
1,51,0.46,0.74,0,0
0,63,-0.48,-1.05,0,1
0,52,-0.63,-2.34,0,1
0,70,2.01,-0.27,0,0
1,66,0.51,1.65,1,0
1,74,-1.49,0.38,0,0
1,59,1.38,0.4,0,0
1,72,0.9,0.11,1,0
0,51,-0.58,0.11,0,0
1,71,1.8,0,1,0
1,54,-0.45,-0.08,0,0
1,51,-1.05,-0.49,0,0
0,58,0.2,0.3,0,0
1,52,-1.75,1.86,0,1
1,73,-0.44,-0.34,0,1
1,64,-0.67,-0.23,0,0
1,52,0.46,0.9,1,0
0,61,0.28,1.23,1,0
1,58,-1.32,0.67,0,0
1,73,1.49,-0.69,0,0
1,51,-1.53,1.84,0,0
1,59,0.12,-0.18,0,0
1,57,0.53,0.67,0,0
0,68,-0.84,0.25,1,0
0,67,0.42,0.24,1,0
1,54,0.24,-0.55,1,0
0,56,-0.5,-0.31,0,1
0,64,0.38,-0.57,0,0
0,55,-1.18,-1.02,0,1
0,60,0.59,0.4,1,0
1,63,2.06,-0.05,1,0
1,66,0.08,0.27,0,1
1,67,-1.16,1.26,0,0
1,73,0.75,-1.27,0,1
0,57,0.57,0.66,1,0
0,58,0.08,-2.6,0,1
1,61,2.34,-1.44,1,0
0,57,0.48,0.6,0,0
1,67,-0.26,-0.84,0,1
1,59,0.19,0.08,0,0
1,63,0.38,1.3,1,0
0,65,-0.01,0.85,1,0
1,73,2.27,-0.18,0,0
1,73,0.64,-0.96,0,0
0,59,0.18,0.63,1,0
0,65,1.38,0.86,1,0
1,58,-1.18,-1.37,0,1
1,57,-0.53,-1.01,0,0
0,73,-1.08,-1.06,0,1
1,68,0.57,1.23,1,0
0,73,-0.1,-0.11,0,1
1,62,-1.43,-0.54,0,0
0,60,-1.54,-2.54,0,1
0,65,1.64,0.47,1,0
1,61,-1.39,-1.68,0,0
0,62,-0.4,1.17,1,0
1,63,0.41,0.05,1,0
0,53,1.18,-0.3,1,0
0,55,1.36,0.71,1,0
0,67,1.41,0.69,1,0
0,71,0.18,-0.64,0,0
1,50,-1.11,-2.32,0,1
0,68,0.61,1.28,1,0
1,68,-0.01,-0.38,0,1
1,69,-0.27,1.93,1,0
0,65,-0.68,-0.2,0,1
0,63,-0.99,0.28,0,1
0,56,0.19,2.09,1,0
0,59,-0.73,-1.9,0,1
1,71,-0.93,-0.31,0,0
0,58,-2.25,1.02,0,1
1,57,0.6,-0.39,1,0
0,61,-0.4,-0.86,0,0
1,50,0.36,-0.6,1,0
0,73,-1.2,1.02,1,0
1,73,0.08,-0.09,0,0
0,51,0.34,0.15,1,0
0,63,-0.23,0.57,0,0
1,56,-1.36,0.16,0,1
1,58,-1.34,-1.91,0,1
1,55,0.12,-1.24,0,0
1,61,-0.76,-0.77,0,0
1,55,1.16,-0.85,1,0
1,69,0.4,1.27,1,0
0,69,-0.97,0.66,0,1
1,56,1.43,-1.7,0,0
1,62,-0.86,-0.24,0,0
0,52,0.44,1.21,0,0
1,60,0.73,0.28,0,0
0,66,-1.23,0.27,0,1
0,75,0.49,-0.58,0,0
1,62,1.08,1.25,0,0
1,61,0.8,-0.98,0,0
0,61,-0.3,-0.47,0,1
0,69,-0.59,-0.01,0,0
0,71,-1.41,1.36,0,1
1,72,-0.83,-0.29,0,0
1,58,0.4,0.98,1,0
1,62,1.1,1.9,1,0
1,73,-0.04,-0.3,0,0
0,65,2.07,0.96,1,0
0,73,0.82,0.57,1,0
1,66,-0.4,-0.42,0,0
1,57,-1.81,0.52,0,1
0,50,0.85,-0.57,0,1
1,70,1.85,0.65,1,0
0,52,-0.7,1.07,1,0
1,55,0.89,-0.41,1,0
1,55,-0.31,-0.48,0,0
1,73,1.32,-0.32,1,0
1,67,-0.75,-0.18,0,1
1,55,-1.07,-0.74,0,1
1,71,-0.54,1.4,0,0
0,63,0.55,-0.55,1,0
1,57,-1.12,-0.01,0,1
0,56,0.32,0.33,1,0
1,65,0.95,-0.31,1,0
0,54,0.77,0.58,1,0
1,61,-0.43,-0.51,0,0
1,62,-0.98,0.97,0,0
0,70,0.62,0.42,0,0
1,59,-1.59,0.89,0,0
1,63,0.11,-0.95,0,0
0,70,0.33,0.78,1,0
0,66,0.2,0.07,0,1
1,52,0.94,-0.52,1,0
0,71,-1.4,0.68,1,0
1,69,-0.66,1.61,1,0
1,50,-1.42,-0.27,0,0
1,52,-0.36,-0.77,1,0
0,57,1.59,-1.36,1,0
0,58,-1.86,0.83,0,0
0,63,0.07,-0.8,0,1
1,63,-2.86,1.54,0,0
1,56,-0.89,0.76,0,0
1,68,0.73,-0.02,1,0
0,60,-0.43,-0.75,0,1
1,61,0.57,-1.72,0,0
1,63,0.69,-1.73,0,1
0,58,-1.51,0.52,0,1
1,51,0.41,0.4,1,0
0,70,0.22,0.18,0,1
0,51,0.04,-0.49,0,1
0,62,-1,0,0,0
0,55,0.36,-0.35,0,1
1,67,-3.21,-0.51,0,1
0,64,1.43,-2.12,0,1
0,55,-0.4,-0.69,0,0
1,71,-3.47,-0.33,0,1
0,72,-1.11,-0.47,0,1
1,68,-1.13,1.97,1,0
0,58,0.14,-0.64,0,1
1,61,-0.08,0.34,0,0
1,73,0.87,0.39,1,0
1,66,1.26,0.38,1,0
1,64,0.25,-0.57,1,0
0,75,-0.16,0.2,0,1
1,71,-0.4,-1.06,1,0
1,66,-0.99,-1.44,0,1
1,52,-0.4,0.01,0,0
1,61,0.74,1.92,1,0
0,56,0.4,-1.85,0,1
0,59,0.3,1.8,1,0
1,74,-0.42,-1.02,0,0
0,74,0.23,1.33,1,0
1,74,-0.76,-0.35,1,0
0,74,1.09,-0.95,0,1
1,55,0.27,-0.24,0,0
1,58,0.03,-0.03,0,1
1,60,1.1,-0.3,0,0
0,58,-0.92,1.99,1,0
1,63,-0.09,-0.29,0,0
1,73,-1.02,-2.25,0,1
0,56,-0.5,-0.53,0,1
1,68,-0.31,-0.33,0,1
1,51,-0.82,-1.08,0,1
1,56,-1.49,0.1,0,1
0,65,-0.19,0.04,0,1
1,70,0.23,-1.19,0,0
0,65,1.41,0.19,1,0
0,61,1.76,-1.15,1,0
1,52,-0.33,0.77,0,0
0,51,0.77,1.68,1,0
1,51,0.81,0.24,1,0
1,57,0.95,-1.43,0,0
0,64,0.61,2.72,1,0
0,68,0.23,0.32,0,1
0,69,-0.23,1.07,1,0
1,68,0.69,-0.29,0,0
1,63,-1.19,-0.8,0,1
0,66,-0.01,0.96,1,0
0,62,-1.64,1.78,1,0
0,73,0.22,-0.79,0,1
0,70,1.59,-0.64,0,0
0,59,-1.97,1.55,1,0
1,71,-0.9,-1.78,0,1
0,53,-0.26,0.1,0,0
0,60,0.64,1.13,1,0
1,56,1.43,-1.82,0,0
1,66,-0.09,0.52,0,0
0,67,-0.68,-0.58,0,1
1,74,0.24,1.28,1,0
1,59,-0.93,0.44,1,0
0,56,1.23,-0.31,0,0
0,61,0.84,-0.74,1,0
1,55,-1.02,-0.33,0,1
1,64,0.3,1.28,0,0
1,61,-1.24,-0.2,0,1
0,53,-0.7,1.43,1,0
0,56,-0.65,1.56,1,0
0,53,0.49,-1.48,1,0
0,50,0.61,1.5,1,0
0,73,0.56,0.37,0,1
1,66,-2.22,-1.83,0,1
1,67,-0.62,0.06,0,0
1,72,-0.15,1.41,1,0
1,73,0.52,0.36,1,0
1,74,0.3,-0.7,0,0
0,66,1.59,-0.47,0,1
1,69,-1.26,1.17,0,0
0,67,-0.18,-0.63,1,0
1,65,-0.96,0.96,0,0
0,56,0.18,1,1,0
1,51,-1.55,-0.49,0,1
0,68,0.14,1.23,1,0
0,66,-0.06,-0.75,0,1
0,66,-0.48,-1.02,0,0
1,55,1.22,-0.9,0,0
0,59,2.5,-0.71,1,0
0,54,-1.31,-0.18,1,0
1,60,-1.1,-0.81,0,0
0,55,-0.31,-0.56,0,1
0,75,-1.08,-0.39,0,1
1,66,-0.29,0.12,0,0
1,69,0.79,1.06,0,0
1,57,-1.45,1.92,1,0
0,73,0.35,-1.07,0,1
0,61,0.98,-0.06,1,0
1,73,-0.39,0.86,1,0
1,58,-1.67,0.69,0,1
1,74,-0.28,1.76,0,0
0,68,0.85,-0.47,1,0
1,68,-1.06,-0.9,0,1
1,66,0.76,1.94,0,0
1,65,0.77,0.31,1,0
1,69,0.21,2.45,1,0
1,52,1.27,0.51,0,0
1,54,0.6,-0.63,0,0
1,67,-0.15,0.62,1,0
0,74,0.29,0.09,0,1
0,69,0.01,1.75,1,0
1,72,1.77,0.96,1,0
1,57,-0.6,-1.06,0,0
0,62,-1.96,-0.54,0,1
0,51,-1.02,-2.55,0,1
1,57,0.88,-0.18,1,0
1,51,-0.06,-0.23,0,0
1,57,0.37,0.63,1,0
0,52,0.26,-1.33,0,0
0,68,0.72,-0.13,1,1
0,58,1.25,0.35,1,0
1,73,0.34,1.34,1,0
0,72,-0.84,-0.2,0,0
1,54,-0.45,0.12,0,0
0,68,1.96,0.38,1,0
0,64,2.48,0.55,1,0
1,56,0.13,0.52,0,0
0,72,-0.33,-0.98,0,1
1,58,0.15,-0.63,1,0
0,52,-0.51,0.33,0,0
1,73,0.88,-1.67,0,1
0,60,-1.61,-1.12,0,1
1,64,-0.74,1.53,1,0
0,66,0.01,1.63,1,0
0,54,-0.7,0.25,0,0
0,71,-2.37,-0.25,0,1
0,63,0.33,0.97,1,0
0,61,0.62,1.05,1,0
1,67,0.79,2.73,1,0
0,52,-0.99,0.51,1,1
0,63,-0.97,1.41,0,0
1,58,-0.21,-1.33,0,0
0,56,-0.61,0.69,0,1
1,66,0.69,0.9,1,0
0,58,0.18,-0.54,0,0
0,52,-0.15,1.09,0,0
1,63,0.59,0.2,0,0
1,68,-0.26,0.15,0,0
0,68,1.81,-0.52,1,0
0,55,2.05,-1.44,1,0
0,56,1.19,0.08,1,0
0,61,-0.15,-0.51,0,1
1,54,-1.07,0.11,1,0
1,55,0.73,1.78,1,0
0,61,1.02,0.33,1,0
1,65,0.05,2.18,1,0
1,71,-0.58,0.63,0,0
0,74,0.87,-0.75,1,0
0,56,1.03,1.01,1,0
1,60,-0.1,0.86,1,0
1,58,-0.34,-2.13,1,0
0,64,-0.55,2.27,0,0
1,52,-0.71,0.91,0,0
0,73,0.26,-1.04,0,1
1,67,-0.21,1.19,1,0
0,57,0.12,-0.08,0,0
1,50,-0.43,0.51,0,0
0,56,-0.27,-2.16,0,1
1,69,-0.41,-1.03,0,0
0,61,-0.63,2.05,1,0
1,61,-0.52,-0.88,0,0
1,59,0.42,0.51,0,0
0,66,1.03,-1.25,1,0
1,62,1.14,-0.72,1,0
1,60,-0.4,1.21,0,0
1,58,-0.9,-0.94,0,0
1,54,-0.18,-0.78,0,0
1,68,2.02,0.34,0,0
0,58,-0.21,-0.27,0,1
1,59,0.36,0.84,1,0
0,71,-0.35,-0.08,1,1
1,53,-0.39,0.6,0,0
0,69,-0.13,-2.7,0,1
1,68,-0.21,0.06,1,0
0,57,-0.12,-0.94,0,0
0,61,0.41,-0.78,1,0
1,53,-0.93,0.17,0,0
0,52,1.34,-0.14,0,0
1,74,0.34,-1.84,0,1
1,63,-1.98,2.16,0,0
0,70,0.35,2.03,1,0
0,72,-0.7,-0.43,0,1
0,53,0.02,-1.15,0,1
1,52,-0.91,-0.16,0,0
0,70,0.31,0.82,1,0
1,68,-1.29,0.26,0,1
1,65,-0.82,0.69,0,0
0,62,-0.91,0.72,0,1
0,55,0.55,0.7,1,0
0,52,1.33,-0.11,0,0
1,53,1.49,-1.21,0,0
0,64,-0.19,0.43,1,0
0,52,-0.89,0.31,0,0
0,68,-0.63,-0.3,0,0
0,70,-0.17,0.63,0,0
1,53,0.35,0.94,1,0
1,70,0.53,-0.43,0,0
0,51,0.4,-0.02,1,0
1,66,0.8,-0.91,1,0
0,66,0.71,-0.59,1,0
1,51,-0.69,3.23,1,0
1,53,-0.95,0.04,0,0
0,59,-0.04,0.08,0,1
0,51,1.35,0.37,1,0
1,50,-0.71,-1.52,0,0
1,65,1.32,-0.03,1,0
1,63,0.66,-0.06,1,0
0,60,0.39,0.2,0,0
1,56,-1.5,0.92,0,0
0,64,-0.47,0.72,0,0
1,56,0.38,1.05,1,0
1,55,1.1,0.65,1,0
1,71,0.63,-0.84,0,0
1,52,-2.16,0.82,0,0
0,52,-1.19,0.49,1,0
1,71,-1.73,-0.7,0,1
1,66,1.37,0.1,1,0
0,52,0.58,-1.64,0,0
1,52,0.71,-0.11,1,0
1,74,-0.2,-0.2,0,0
1,53,0.4,1.94,1,0
0,74,-1.41,-0.93,0,0
1,52,1.66,-0.92,1,0
1,51,-0.27,-0.93,0,1
0,68,-0.09,-0.6,1,0
1,61,-0.02,-1.64,0,0
1,72,0.52,0.26,1,0
1,68,-0.73,0.25,0,0
1,62,0.26,-0.72,0,0
0,69,1.57,-0.9,1,0
0,73,0.7,-0.99,0,1
1,52,2.22,0.2,1,0
0,54,0.57,0.83,1,0
1,74,0.34,-2.72,0,1
1,66,2.23,1.3,1,0
1,56,0.15,-0.82,0,0
1,57,-1.57,-0.43,0,0
0,69,-1.13,0.12,0,1
0,60,0.9,-0.66,0,1
0,56,-1.41,0.6,0,0
0,57,-0.15,0.16,0,0
0,52,1.1,1.66,1,0
0,60,0.19,-0.12,0,0
0,55,0.64,0.74,1,0
0,52,1.67,1.51,1,0
0,60,1.19,1.75,1,0
1,70,0.49,-1.7,0,0
0,74,-1.66,0.5,0,1
0,57,-0.3,1.19,1,0
0,56,0.04,0.4,1,0
1,74,0.09,0.65,1,0
1,72,-1.15,-0.69,0,0
0,51,0.11,1.76,1,0
0,68,-1.04,-0.39,0,1
1,69,-1.81,-1.93,0,1
0,53,2.13,0.95,1,0
0,68,-0.34,0.46,1,0
1,75,0.76,0.37,1,0
1,74,-1.68,-0.64,0,1
1,54,0.33,0.63,1,0
0,71,-1.05,0.16,0,1
0,52,-1.22,0.78,0,1
0,63,-1.03,-1.53,0,1
0,71,2.19,-0.96,0,0
1,70,-0.54,-0.95,0,1
1,71,0.02,0.55,0,0
0,64,0.44,-2.45,0,1
1,58,-1.16,-1.34,0,0
1,74,-0.85,-0.5,0,0
0,74,0.31,0.85,1,0
0,63,0.93,0.93,1,0
0,54,1.73,1.9,1,1
0,74,-1.15,-0.92,0,1
1,57,0.44,0.34,0,0
0,70,-0.75,-0.37,0,0
0,69,0.03,2.33,1,0
1,60,-1.69,0.32,0,1
0,57,0.91,-1.01,0,0
0,51,0.83,1.15,1,0
1,67,-1.52,1.71,0,0
0,54,0.87,-0.77,0,0
1,63,-0.5,-0.86,0,0
0,57,0.46,-0.15,0,1
1,66,1.74,-0.45,1,0
0,52,-0.23,-0.47,0,1
0,59,-0.93,-1.7,0,1
1,58,0.47,-0.89,0,0
0,57,0.2,0.91,0,0
1,72,0.48,1.23,0,0
1,66,-0.48,0.43,0,0
0,61,0.26,-0.66,0,1
1,62,-0.9,0.87,0,0
0,62,0.76,0.62,1,0
1,52,-1.88,0.58,0,1
1,72,2.44,1.82,1,0
1,73,0.74,0.98,1,0
0,70,1.02,0.89,1,0
1,65,-0.65,1.91,1,0
0,67,0.08,-1.7,0,1
1,50,-1.46,0.41,0,1
1,55,0.31,0.49,0,0
1,65,0.26,1.55,1,0
1,50,-0.19,0.88,0,0
1,52,0,2.24,1,0
1,51,-0.15,0.66,1,0
0,62,1.69,2.31,1,0
0,53,0.88,0.96,1,0
0,56,1.28,0.95,1,0
1,52,1.73,0.31,1,0
1,58,0.1,-0.54,1,0
0,55,0.35,-0.26,0,0
1,64,0.26,-1.7,0,1
0,66,-0.05,-0.48,0,1
1,59,0.2,0.14,1,0
1,72,0.63,0.34,0,0
0,67,0.79,-0.09,1,0
1,72,-1.26,0.28,0,1
1,56,-0.14,-1.16,0,0
1,55,-1.43,0.22,0,0
1,51,0.75,0.65,1,0
1,60,0.61,1.73,1,0
1,62,-0.75,0.23,0,0
1,60,1.27,-0.31,1,0
1,63,-0.57,0.03,0,0
1,72,-0.38,-1.95,0,1
0,67,-1.42,1.15,0,1
1,62,1.3,-0.46,0,0
1,64,-0.32,-1.26,0,1
0,60,2.3,0.04,1,0
1,68,0.43,-1.13,0,0
1,71,0.33,0.93,0,0
0,72,-2.49,-0.41,0,1
0,57,-0.66,0.49,0,1
0,50,1.04,1.78,1,0
1,70,-1.15,-0.1,0,0
0,51,0.83,0.11,0,1
0,65,1.21,0.64,0,0
1,75,1.27,1.88,1,0
1,55,0.78,0.51,1,0
0,75,-0.05,-0.6,0,0
1,52,0.15,1.83,1,0
0,56,0.88,0.16,1,0
1,71,0.35,-2.07,0,0
0,69,-0.31,0.05,0,0
0,57,0.33,-1.33,0,0
1,51,1.19,1.44,1,0
1,60,-1.81,-0.16,0,0
0,59,-1.18,-0.08,0,1
0,66,0.75,0.32,1,0
1,56,0.72,1.24,1,0
0,64,0.37,-1.16,0,1
0,54,-1.37,1.58,1,0
0,69,-0.55,-0.5,0,0
0,51,1.73,-1.81,1,0
0,58,-0.67,0.88,0,0
0,56,-0.27,-0.41,0,1
0,50,0.04,-1.89,0,1
1,61,-1.8,-1.73,0,1
1,51,-2.33,0.65,0,0
0,56,0.71,0.31,1,0
1,58,-0.37,-1.05,0,1
0,52,0.13,-1.19,0,1
0,69,1.01,0.64,1,0
0,52,1.36,0.92,1,0
0,58,-0.61,-1.99,0,1
0,54,-0.03,-0.08,0,1
1,52,0.03,-1.25,0,1
1,68,-0.91,-1.02,0,1
1,66,0.14,-0.7,0,0
1,65,-0.77,0.74,0,1
0,51,0.37,-0.87,0,0
1,73,0.15,-2.14,0,1
0,51,-1.01,-0.65,0,1
0,61,-0.2,0.34,0,0
0,71,-0.85,0.16,0,1
1,56,-2.74,0.5,0,0
1,60,0.26,1.85,1,0
0,64,-1.09,0.44,0,1
1,60,-0.99,-0.61,0,0
0,72,-0.57,0.65,0,1
1,71,0.62,1.09,1,0
0,67,0.66,-1.76,0,0
1,65,1.04,-1.66,0,1
1,62,-0.21,0.66,1,0
0,61,1.09,-1.84,1,0
0,67,-0.01,-1.28,0,1
0,59,-0.37,0.75,0,0
1,66,-1.55,-1.06,0,1
1,75,-0.4,0.62,1,0
1,69,-0.1,-0.81,0,0
0,53,-0.12,0.9,1,0
1,65,1.38,0.97,1,0
1,71,1,0.43,0,0
0,51,-0.44,-0.63,0,1
0,65,-0.82,0,0,1
1,66,0.26,0.14,0,0
1,53,0.2,-0.01,1,0
1,56,-1.35,0.5,0,0
0,56,-0.32,0.49,0,1
1,54,0.02,-0.98,0,0
0,59,0.18,-0.37,0,0
0,60,0.71,-0.4,0,1
0,53,-0.18,-1.92,1,1
1,69,-0.78,1.6,0,0
1,61,-0.02,-0.21,0,0
1,53,-1.28,0.07,0,0
0,72,-0.73,-1.13,0,1
1,54,-2.05,-1.19,0,0
1,63,0.76,0.38,1,0
1,54,-0.47,-0.81,0,0
0,67,-0.82,0.65,1,0
1,65,0.88,-0.75,1,0
1,55,0.03,0.64,0,0
1,60,-0.25,-0.01,0,0
1,71,-0.06,1.53,1,0
1,52,-0.79,-0.49,0,1
0,52,-2.25,1.13,0,0
0,70,0.46,0.62,0,0
1,54,1.03,-2.06,0,1
1,61,0.76,0.65,1,0
1,56,-0.07,0.18,0,1
0,63,0.42,1.49,1,0
0,60,1,-1.38,1,0
0,52,-0.15,-0.63,0,1
0,51,1.53,-0.88,1,0
1,68,0.49,2.42,1,0
1,58,1.13,-0.14,0,0
0,71,-0.51,-0.86,0,1
0,68,-0.33,-1.01,0,1
1,51,-0.26,0.75,1,0
1,54,1.95,0.32,0,0
1,65,1.48,-0.46,1,0
0,68,-0.83,-1.48,0,1
1,67,-0.18,-1.45,0,0
0,73,0.87,0.45,1,0
0,60,-1.34,-1.17,0,1
0,71,-1.55,-0.87,0,1
0,74,-0.27,0.37,0,1
1,59,1.38,1.64,0,0
0,58,-0.38,1.48,1,0
1,64,0.06,-0.44,0,0
0,56,0.69,-0.36,1,0
0,74,-0.3,-0.11,0,1
1,54,-0.87,0.7,0,0
0,58,1.09,0.03,0,0
1,67,0.91,-0.24,0,0
0,60,-1.11,0.22,0,1
1,51,0.01,-0.6,0,0
1,57,-0.78,0.95,0,0
0,70,-0.01,-0.89,0,0
1,61,0.57,-0.01,0,0
1,63,-0.88,0.78,0,0
1,57,0.38,-0.19,0,0
0,54,1.16,-0.56,1,0
1,52,-0.9,-0.48,0,0
1,66,0.8,0.56,1,0
1,60,-0.49,-0.86,0,1
1,56,2.31,1.82,1,0
1,73,-0.17,-0.19,0,0
0,68,0.62,0.24,0,0
1,59,1.46,1.69,1,0
1,57,-0.91,-0.63,0,0
0,58,0.18,0.98,0,1
1,73,0.15,-2.36,0,1
0,53,-1.04,-1.21,0,1
1,67,0.35,0.65,0,0
0,69,0.75,-0.4,0,1
1,63,-1.09,0.14,0,0
0,51,0.16,-0.37,1,0
0,66,1.38,0.4,1,0
0,71,-1.88,1.36,0,1
1,69,-1.69,-0.23,0,1
0,57,1.58,-2.78,1,0
1,70,-2.34,-0.92,0,0
1,53,2.26,0.1,1,0
0,66,1.64,-0.6,1,0
0,63,1.33,1.77,1,0
0,68,0.29,1.75,1,0
0,64,-0.23,0.18,0,1
0,51,2.01,-0.44,1,0
0,63,-0.37,1.14,1,0
0,55,-0.37,-1.57,0,1
1,66,1.79,0.74,1,0
1,59,-1.72,-1.48,0,1
1,67,-1.38,-0.4,0,0
1,50,-0.11,0.17,0,0
1,58,1.3,0.83,1,0
0,60,-0.79,-0.15,0,1
1,72,-1.03,-1.05,0,0
0,53,0.12,0.24,0,1
1,51,-1.42,1.15,0,1
1,59,0.44,0.22,0,0
0,57,-0.66,0.08,0,0
0,70,1.43,-0.38,1,0
1,55,-0.38,0.23,1,0
1,55,-0.5,0.64,0,0
0,60,0.62,-0.31,1,0
1,51,-0.56,-1.82,0,0
1,66,-1.1,-0.21,0,0
1,61,-0.46,1.07,1,0
1,75,-1.13,-2.01,0,1
0,69,-2.37,0.22,0,1
1,68,0.11,-0.66,0,0
0,55,-0.17,-0.37,1,0
0,63,-0.96,0.04,0,0
1,50,0.06,-1.75,0,0
0,60,-0.02,1.66,1,0
1,72,-0.13,0.14,0,0
0,52,1.61,-1.18,1,0
0,68,1.2,0.6,1,0
0,53,0.02,-1.31,0,1
1,54,0.16,-1.15,0,0
0,69,-0.64,0.28,1,0
1,58,-1.07,0.2,1,0
1,63,-0.71,0.54,0,0
1,53,0.78,0,1,0
0,69,-0.86,0.46,0,1
0,59,1.18,-1.08,1,0
1,56,0.76,0,0,0
0,53,-0.51,-0.27,0,1
1,54,-0.86,1.08,0,0
0,70,-0.09,-1.2,0,1
0,59,-0.45,0.6,0,0
0,74,-0.96,1.67,1,0
0,51,-0.31,-0.56,0,0
1,52,1.21,0.24,1,0
0,54,0.12,0.92,1,0
0,67,0.94,-0.26,1,0
0,69,0.88,-0.12,1,0
0,55,-0.48,-0.09,0,0
1,75,0.46,-1.25,0,0
1,64,2.04,0.18,0,0
0,55,0.21,-0.48,1,0
0,58,0.09,0.35,1,0
0,54,-0.14,1.74,1,0
1,53,-0.88,0.75,1,0
0,66,-0.52,-0.34,0,1
0,72,-1.27,-0.4,0,1
0,75,-0.86,0.27,0,1
1,67,-1.03,0.73,0,0
1,66,-0.39,1.26,0,0
0,54,-1.55,0.91,0,0
0,63,-0.33,0.29,1,0
1,64,0.19,0.95,1,0
0,64,0.87,-1.2,0,1
1,52,-0.02,0.08,1,0
1,63,-0.05,-1.71,0,1
1,75,0.32,1.61,1,0
1,57,-0.77,2.22,1,0
0,52,-1.11,-0.82,0,0
0,75,0.7,-0.03,1,1
1,57,-0.57,0.62,0,0
1,56,0.41,0.29,0,0
0,57,0.81,0.45,0,1
0,60,0.9,-0.38,0,0
1,56,0.24,-1.67,0,0
0,71,0.38,1.39,1,0
0,54,-0.59,-0.81,0,1
0,68,-1.27,1.51,0,1
1,56,0.26,0.08,0,0
1,68,-0.48,0.29,0,1
0,51,0.07,-0.86,1,0
1,54,0.83,1.7,0,0
1,68,-0.27,-0.59,0,0
0,53,1.07,-1.23,0,0
0,65,-1.33,0.27,0,0
1,69,0.15,-0.13,1,0
0,65,-0.45,0.24,0,1
1,57,0.65,-1.06,0,0
1,51,2.01,0.21,1,0
0,52,-0.02,0.73,0,0
0,69,0.39,-0.73,0,1
0,66,0.74,0.14,1,0
1,69,-0.27,-0.19,0,0
1,57,-2.02,0.37,0,0
0,51,0.86,-0.65,1,0
1,61,1.25,0.98,1,0
0,52,1.78,1.04,1,0
1,67,-1.16,-1.25,0,1
1,50,2.14,0.34,1,0
0,61,0.15,-0.13,1,0
1,68,-0.21,-0.71,0,1
1,70,0.81,-1.32,0,0
0,70,-1.49,0.6,0,1
0,61,-0.61,0.28,0,1
0,64,-1.09,-0.37,0,1
0,63,0.23,-1,0,1
0,57,-0.08,1.7,1,0
0,57,-0.02,0.3,0,0
1,52,0.04,0.91,1,0
0,58,0.71,0.19,1,0
0,68,-0.56,-0.22,0,1
0,61,1.3,2.1,1,0
0,72,-0.06,-0.13,0,1
0,58,-0.33,-0.85,0,1
0,56,-0.77,-0.33,0,1
1,72,-0.69,-0.01,0,1
0,68,0.6,1.53,1,0
1,57,-0.58,0.4,0,0
1,68,-0.3,2.26,0,0
0,57,1.5,0.14,1,0
0,70,0.49,0.69,1,0
0,60,0.55,-0.09,0,0
0,64,0.98,-0.25,1,0
1,57,0.49,0.97,1,0
0,57,-0.37,1.53,1,0
0,70,0.93,-1.14,0,0
0,72,0.48,1.25,1,0
0,65,-1.1,1.86,0,0
0,68,-0.15,0.06,1,1
1,54,-1.02,-0.09,0,0
0,59,-2.04,0.05,0,1
1,69,0.01,0.03,0,1
1,64,0.09,-0.16,0,0
0,54,1.2,-1.05,1,0
1,57,-1.39,0.2,0,0
1,63,1.27,1.14,1,0
1,53,2.34,1.37,1,0
1,58,-0.56,-0.28,0,0
0,54,0.86,1.56,1,0
1,54,-0.32,1.13,0,0
0,63,-1.06,0.16,0,1
0,54,0.4,-0.09,0,1
1,74,0.83,-1.31,0,1
0,63,-0.02,2.1,1,0
1,61,-0.11,-0.27,0,0
1,58,0.23,-1.6,0,0
0,57,0.9,-0.25,1,0
1,72,-0.56,0.88,1,0
0,54,0.04,0.83,0,0
1,54,0.13,-1.33,0,0
1,75,-1.04,0.1,0,0
1,66,-0.42,1.91,1,0
1,66,-1.17,-0.07,0,0
1,64,0.29,0.81,1,0
1,67,-1.47,-1.68,0,1
0,72,-1.54,1.05,0,0
0,67,0.19,0.14,1,0
0,61,-0.72,-0.58,0,1
1,54,0.4,1.69,1,0
0,63,0.2,-0.05,1,0
0,56,-1.36,0.65,0,1
1,62,0.62,1.19,1,0
1,55,0.83,-0.34,0,0
1,68,0.02,-0.09,0,0
0,51,-0.06,-0.8,0,1
1,67,-0.78,-0.88,0,0
1,57,0.44,-0.73,0,0
0,74,0.6,-0.64,0,1
1,50,0.58,-1.47,0,0
0,63,-1.51,0.32,0,1
0,63,-0.38,-1.84,0,0
1,54,0.8,-0.15,0,0
0,52,2.55,0.28,1,0
0,54,-0.17,-0.06,0,0
0,70,1.55,-0.9,0,1
1,68,-0.53,-0.48,0,1
1,65,-0.27,-0.68,0,0
1,71,1.49,-0.48,0,0
1,65,-0.27,-1.05,1,0
0,61,0.58,-1.06,0,1
1,74,0.34,0.83,0,1
0,58,0.63,-0.3,0,0
0,69,0.18,-0.94,0,0
1,74,-0.97,-0.18,0,0
0,68,-0.31,-1.74,0,1
1,58,-1.05,0.9,0,0
0,58,-0.64,0.26,0,1
1,63,0.76,-3.49,0,1
0,62,-1.75,-0.49,0,1
1,51,-1.4,1.01,0,0
1,73,0.02,-1.55,0,1
1,57,-0.82,-0.95,0,1
1,54,0.79,1.55,1,0
1,75,-0.72,0.08,0,1
1,60,0.02,2.47,1,0
1,62,-0.92,-0.91,0,1
1,51,-0.8,-1.21,0,1
0,72,-0.2,-0.1,1,0
1,62,0.8,-0.85,1,0
0,52,1.64,1.49,1,0
1,56,-1.01,0.93,0,0
0,67,0.49,-0.91,0,1
1,74,-0.99,1.16,0,0
0,73,0.85,-1.4,0,1
0,61,0.37,1.01,1,0
0,63,0.1,0.65,1,0
1,58,0.59,-0.3,0,0
1,58,0.6,0.72,1,0
0,74,-0.06,-1.2,0,1
0,67,0.42,0.26,1,0
1,65,0.88,0.63,1,0
0,58,1.35,1.33,1,0
0,62,0.82,0.38,1,0
0,67,0.74,-1.2,0,1
0,71,-0.32,-0.64,0,1
0,60,0.18,0.31,1,0
0,72,-1.4,-0.6,0,1
0,56,-0.53,-0.49,0,1
1,54,-1.44,1.23,0,0
1,61,-1.34,-0.53,0,0
1,58,-1.15,0.2,0,1
1,53,0.55,0.03,1,0
1,61,-1.08,0.47,0,0
1,54,0.7,-0.18,1,0
0,61,-0.35,-1.16,0,1
1,74,0.79,0.06,0,1
1,61,-1.05,-1.1,0,0
1,69,-1.14,1.41,0,0
1,52,-0.23,-1.07,0,0
1,66,-1.1,1.26,0,0
1,54,-0.46,-0.73,0,0
1,56,0.35,0.82,1,0
1,62,-2.24,0.17,0,1
1,58,-0.03,0.17,0,0
0,75,-1.56,1.11,0,1
0,53,-0.24,-0.06,0,1
1,71,0.39,0.72,0,0
0,52,-0.81,-0.84,0,0
1,75,-0.81,-0.22,0,0
1,51,-0.09,-0.31,0,0
0,58,-0.77,-0.65,0,1
1,70,0.09,0.01,0,1
0,63,-0.4,-0.69,0,1
0,52,-0.29,0.29,1,0
1,71,-1.4,-1.4,0,1
0,60,-0.59,-0.22,1,0
0,70,0.07,-0.49,0,1
1,57,0.08,-1.32,0,0
0,66,0.01,-1.53,0,1
0,70,-0.13,0.74,0,1
0,50,0.76,0.88,1,0
1,69,0.52,0.28,1,0
0,50,-0.17,0.15,0,1
0,73,0.68,1.1,0,0
1,56,-0.7,0.04,0,0
0,66,-0.4,1.15,1,0
1,52,0.86,-0.5,0,0
0,51,-0.55,-0.12,0,1
1,61,-0.25,-0.48,0,0
0,65,0.15,0.52,0,0
0,55,-1.96,0.08,0,1
1,54,0.35,2.09,1,0
0,52,0.1,0.72,1,0
1,54,0.47,0.24,1,0
0,52,0.57,-0.17,1,0
1,51,1.57,1.41,1,0
0,60,-1.26,1.02,0,0
1,62,-1.94,2.3,0,1
1,64,1.08,1.39,1,0
0,67,-0.21,0.47,0,1
0,68,0.63,0.19,0,1
1,64,1.75,1.15,1,0
1,51,-1.18,0.61,1,0
0,75,0.52,1.02,1,0
1,64,-0.32,0.44,0,1
0,67,0.18,1.01,0,0
1,62,1.47,-1.48,0,0
0,54,0.52,0.34,1,0
1,63,-0.13,-1.17,0,1
1,57,0.2,0.11,0,0
1,72,-1.69,-0.61,0,1
1,74,-1.84,-0.9,0,1
0,66,-0.79,0.56,0,1
0,52,-0.02,-1.27,1,0
1,54,1,0.13,1,0
0,57,0.36,0.1,0,0
1,61,1.63,-0.97,0,0
0,63,-1.17,0.48,0,1
0,62,0.02,-0.75,0,1
1,69,-0.6,-2.52,0,0
0,50,-1.23,0.85,1,1
1,65,-1.18,0.71,0,0
1,69,0.94,-0.93,0,0
1,70,-1.13,-1.79,0,1
0,67,-0.41,-0.66,0,1
0,67,-0.93,0.21,0,1
0,54,-0.34,-1.23,0,1
0,63,1.8,-1.5,0,1
1,70,-0.93,-0.59,0,1
0,54,-1.02,0.8,1,0
0,64,1.3,0.26,1,0
0,66,0.76,1.49,1,0
0,51,-0.24,1,0,0
1,51,-2.64,-0.12,0,1
0,68,2.01,1.06,1,0
0,57,-0.46,-0.16,0,0
0,72,0.68,-2.31,0,0
0,67,-1.5,2.14,1,0
1,52,0.39,0.3,0,0
1,71,1.44,-0.99,0,0
0,67,0.52,1.71,1,0
1,73,-1.02,-0.62,0,1
0,50,1.14,-0.67,0,0
1,55,0.68,-0.82,0,0
1,68,-0.09,1.66,1,0
1,50,0.57,1.7,1,0
0,66,-0.08,-0.76,0,1
0,64,0.79,-1.53,0,0
0,50,-1,0.02,0,1
1,62,-0.89,-0.56,0,1
0,74,0.01,0.56,0,0
0,52,-1.76,0.07,0,0
0,64,-1.15,0.59,1,0
0,59,1.15,-0.47,0,0
0,61,0.26,0.23,1,0
0,59,0.71,-0.87,0,0
0,67,-1.1,-2.07,0,1
0,56,-0.02,-0.88,1,0
1,54,0.67,0.84,0,0
0,72,-0.41,0.34,1,0
1,61,0.65,-0.53,1,0
1,53,-1.43,0.14,0,0
0,54,0.04,0.18,1,0
0,70,0.06,-0.01,0,1
0,60,-0.32,-0.41,0,0
0,69,-0.28,0.66,0,1
0,71,0.96,-0.82,0,0
1,69,-0.62,0.26,0,0
1,60,-1.94,0.55,0,0
0,72,-0.67,0.34,0,1
0,53,0.43,-0.91,0,1
0,66,-0.83,1.85,1,0
0,70,0.92,-1.38,0,1
0,74,0.54,1.18,1,0
0,66,0.25,-0.45,0,1
1,69,-2.09,-0.32,0,0
1,71,1.31,-1.36,0,0
0,62,1.05,-0.94,0,1
0,64,0.67,0.05,1,0
1,57,-1.85,-1.92,0,1
1,75,2.26,-0.14,1,0
0,52,-1.77,0.74,0,1
1,64,-1.88,1.91,0,0
1,58,0.26,-1.36,0,0
1,61,0.92,-1.95,0,1
0,54,-1.17,0.35,0,1
1,58,0.35,0.23,0,0
1,69,0.69,-1.24,0,1
0,61,0.5,-0.01,0,1
1,61,-0.34,-1.48,0,0
1,68,-1.29,-0.9,0,1
0,57,0.66,-0.42,1,0
1,69,1.98,1.43,1,0
0,52,0.4,-0.95,0,1
0,56,-0.28,-0.3,0,0
1,64,0.14,-0.35,0,0
0,60,-0.15,0.89,1,0
0,61,1.22,-0.44,0,0
0,62,-1.55,0.72,0,1
1,73,0.42,0.72,0,0
1,67,-0.85,0.43,0,0
1,62,1.36,0.16,0,0
0,56,0.34,0.72,1,0
0,68,-0.59,-2.33,0,1
1,69,0.78,-2.01,0,0
1,66,0.21,-0.55,1,0
1,69,0.46,-0.04,0,0
1,71,1.07,-0.49,0,0
1,64,-0.43,0.39,0,0
0,71,-0.27,-0.16,0,1
0,63,-0.88,-1.97,0,1
1,58,2.9,0.79,1,0
0,60,-0.33,0.13,0,0
1,61,-0.1,0.55,0,0
0,74,-0.98,-0.75,0,1
1,64,-0.13,0.17,0,0
1,70,-1.1,0.55,0,0
0,62,1.33,0.76,1,0
0,66,0.85,-0.51,0,0
1,64,0.65,1.74,1,0
1,75,0.52,-0.04,0,0
1,59,0.66,0.66,0,0
1,67,-0.77,-0.49,0,0
1,58,0.58,1.44,1,0
1,51,1.89,0.57,1,0
1,74,-3.69,0.85,0,1
1,73,-0.02,0.13,0,0
1,53,-0.01,-1.79,0,0
0,54,-1.39,-0.9,0,1
0,51,-0.43,-1.11,0,1
0,55,-1.28,-0.96,0,0
1,53,-0.53,0.42,1,0
0,68,0.32,-1.52,0,1
0,62,1.4,1.83,1,0
0,55,-0.9,0.47,0,1
1,51,0.82,0.19,0,0
1,57,0.07,0.24,0,0
1,69,-1.29,-2.25,0,1
0,50,1.06,0.7,1,0
1,67,-0.35,0.92,0,0
1,60,0.02,0.68,0,0
0,56,-0.87,0.05,0,0
0,63,-1.07,1.2,1,0
0,66,0.06,0.75,0,1
1,61,-0.69,-2.77,0,1
1,64,0.89,1.71,1,0
0,62,0.04,-0.39,0,1
1,57,-1.16,-0.44,0,0
0,67,-0.19,1.11,1,0
1,68,0.85,-0.14,1,0
0,55,0.78,-0.96,0,1
1,55,-1.28,0.33,0,0
1,67,0.34,0.6,0,0
1,50,0.7,-0.79,0,0
0,68,-1.74,0.88,0,1
1,55,0.56,0.56,1,0
0,56,-0.27,1.44,1,0
1,62,-0.64,-1.1,0,0
0,56,0.39,1.72,1,0
1,68,-0.95,0.31,0,0
1,66,-0.45,-0.82,0,0
0,51,0.88,1.06,1,0
1,57,-0.16,1.65,1,0
0,54,0.01,-2.01,0,1
1,65,-0.43,0.1,0,0
1,73,-1.7,-0.79,0,1
0,71,-0.2,0.02,0,0
1,56,1.35,1.17,0,0
1,58,1.58,-0.21,1,0
0,55,-0.31,-0.45,0,0
1,71,0.6,-1.67,0,0
1,54,1.17,0.82,1,0
1,58,1.49,-0.35,1,0
1,64,0.66,-0.69,1,0
1,69,0.76,-0.65,0,0
1,61,-0.2,0.46,0,0
1,55,-1.22,-0.28,0,0
0,50,-0.41,-0.99,0,1
1,56,0.2,1.28,1,0
1,73,-1.57,1.06,0,0
1,56,-0.63,-1.62,0,1
0,62,-0.26,-0.48,0,1
0,68,0.09,0.55,1,0
1,62,0.07,-0.3,1,0
0,61,-1.36,0.96,0,0
1,69,-0.63,0.05,0,0
1,69,0.09,0.94,1,0
1,67,-0.74,0.66,0,0
0,55,-0.92,-0.12,0,0
0,69,-0.22,0.63,0,0
0,68,0.48,-0.43,0,1
0,51,0.43,0.25,1,0
1,72,1.06,0.83,0,0
1,75,0.34,-0.61,0,0
0,58,0.11,-0.28,1,1
0,61,0.6,0.06,1,0
1,58,1.61,-0.63,1,0
0,67,1.41,0.99,1,0
0,56,0.13,1.98,1,0
1,71,0.11,1.48,1,0
1,53,-0.96,-0.19,0,0
1,62,-0.02,-0.08,0,0
0,70,2.73,0.33,1,0
0,54,1.54,0.72,1,0
1,58,-0.41,-0.19,0,0
1,60,0.69,-1.78,0,0
1,69,-0.83,-0.85,0,1
0,74,0.67,-0.93,0,0
0,68,0.16,-0.65,0,1
0,63,0.6,-0.78,0,1
1,72,-0.03,0.61,0,0
0,53,-1.15,-0.46,0,0
0,71,-0.62,0.14,0,1
0,74,-1,0.89,0,0
1,62,2.34,-0.91,1,0
1,61,0.16,1.04,1,0
1,66,0.96,-1.04,0,0
0,66,0.59,-0.34,0,1
1,59,2.35,-1.87,1,0
1,61,-0.34,0.7,1,0
0,63,0.36,1.02,1,0
1,60,0.68,0.51,1,0
0,73,-2.24,-0.59,0,1
1,53,-0.13,-1.2,0,1
0,75,0.29,0.17,1,0
1,65,-2.86,0.12,0,1
0,74,-0.52,0.33,1,0
1,59,-0.33,0.47,0,0
1,58,-0.44,0.82,0,0
1,67,0.38,-0.03,0,0
0,61,-1.86,-0.98,1,1
0,55,-0.84,-0.87,0,1
1,53,0.58,-0.9,0,0
0,73,-0.73,0.55,0,1
1,59,-1.33,0.31,0,0
0,53,-0.97,-1.46,0,0
0,71,0.61,-0.92,0,1
0,71,-1.39,-0.09,0,1
0,69,0.08,-1.85,0,1
1,74,-0.65,0.25,0,1
1,62,2.51,-0.59,1,0
0,66,0.74,2.21,1,0
1,62,-0.69,-0.63,0,1
0,64,-1.4,1.84,1,0
1,55,-1.24,-0.51,0,0
1,55,-1.33,1.6,1,0
1,65,0.28,1.64,1,0
1,56,1.56,-0.87,0,0
0,68,0.47,0.85,0,1
1,74,1.7,-0.9,0,0
0,68,-0.35,0.94,0,1
1,67,0.9,0.69,1,0
0,59,0.13,0.94,1,0
0,66,-0.53,-0.32,0,1
1,72,0,1.69,0,0
0,59,-0.8,-0.55,0,0
1,72,1.52,-0.98,0,0
0,74,-1.4,2.03,0,1
0,59,0.39,-1.99,0,1
1,74,-1.42,-0.39,0,1
0,57,-1.38,-1.39,0,1
0,52,0.28,0.78,0,0
1,59,0.56,-2.04,0,0
0,70,-0.12,0.97,0,1
1,60,-0.33,-0.35,0,0
1,52,0.61,-0.05,1,0
0,61,0.11,-0.08,1,0
1,67,0.9,0.91,1,0
0,59,0.65,-1.26,0,0
1,53,0.43,-1.45,0,0
0,53,0.02,-2.12,0,1
0,63,3.78,0.27,1,0
0,62,1.2,-0.54,1,0
0,51,2.12,2.32,1,0
1,57,0.47,-1.33,0,0
0,74,1.51,-0.43,0,0
0,58,0.7,-0.9,0,0
0,63,1.21,-0.73,1,0
1,64,0.32,-0.09,0,1
1,54,-1.2,-0.54,0,0
1,63,-0.58,0.9,1,0
0,62,-1.7,-2.88,0,1
0,69,-0.18,0.47,1,0
1,70,-0.89,0.34,0,1
1,56,1.42,0.18,1,0
0,50,0.25,-1.44,0,1
1,59,-0.23,0.35,0,0
1,74,-0.9,-0.8,0,0
1,73,0.93,-1.4,0,0
0,63,-0.01,-0.94,0,1
1,63,-0.22,-0.94,0,0
1,61,1.16,-0.1,0,0
0,57,-0.09,1.19,1,0
0,72,0.29,0.51,0,0
0,53,-0.83,-0.02,0,0
0,65,1.09,-0.07,1,0
1,60,-2.45,-0.22,0,1
0,60,-1.56,-0.1,0,1
0,65,1.48,0.4,1,0
0,65,0.48,1.76,1,0
1,60,0.89,-1.37,0,1
0,69,-0.22,2.14,1,0
1,56,1.16,-0.5,1,0
1,63,-0.82,0.3,0,0
1,59,0.47,0.45,1,0
1,67,-0.78,-1.63,0,1
1,72,-0.33,-1.04,0,1
1,57,0.37,0.15,1,0
1,60,-0.64,0.52,0,0
0,62,-0.21,0.05,1,0
0,51,1.09,0.26,1,0
0,58,-0.4,-0.46,0,1
1,58,-1.88,0.5,0,0
0,72,-0.77,-0.42,0,1
1,55,0.02,0.44,0,0
0,64,1.09,-0.09,0,0
0,63,-0.27,-0.31,0,0
0,66,-0.49,-0.91,0,1
1,68,0.21,0.11,1,0
0,50,0.41,-0.21,0,0
1,57,1.36,-0.09,0,0
1,73,-0.09,-0.33,0,0
1,69,1.64,1.89,1,0
0,60,-1.1,0.31,0,1
1,69,0.54,0.07,0,0
1,70,0.78,1.04,1,0
0,53,1.02,-0.47,1,0
1,56,-0.92,0.47,0,0
1,58,0.34,-0.95,0,0
1,51,-0.6,-0.73,0,0
1,62,1.14,0.27,0,0
1,58,0.6,0.84,0,0
1,73,0.18,-0.56,0,0
1,54,-0.41,-0.44,0,0
0,56,-0.31,0.44,0,0
1,53,0.56,-0.62,0,0
0,66,-0.61,-1.58,0,1
1,70,1.75,0.49,1,0
1,58,1.28,0.13,1,0
0,61,-0.86,0.18,0,0
1,73,0.72,0.17,0,0
1,56,0.83,-1.47,1,0
1,72,0.77,0.37,0,0
0,70,1.55,-0.64,1,0
1,63,1.25,-1.05,0,0
0,52,-2.26,-0.4,0,1
1,67,0.68,-1.79,0,0
1,56,-0.07,-0.6,0,0
0,51,0.6,1.37,1,0
1,68,-0.14,-1.06,0,1
1,63,1.01,0.26,0,0
0,56,-1.05,-0.16,0,1
1,74,-0.62,0.44,1,0
0,51,-0.66,-1.73,1,0
0,53,0.64,0.19,1,0
0,63,-0.11,0.4,1,0
0,70,-0.99,0.41,0,1
1,71,-1.22,-0.81,0,1
1,55,-0.62,0.3,0,0
0,52,1.12,2.48,1,0
1,50,-0.09,-0.39,0,0
0,57,0.64,0.56,1,0
1,63,1.7,-0.67,1,0
0,74,-1.61,-0.4,0,1
1,65,0.64,-0.33,1,0
0,71,0.81,1.08,0,0
1,75,0.85,-0.62,0,0
1,55,2.39,-0.58,1,0
0,56,-0.39,0.52,1,0
0,63,0.25,0.81,1,0
1,75,0.8,0.8,0,0
1,70,-1.08,-0.23,0,0
1,60,1.2,-1.55,0,0
1,59,-1.16,-0.27,0,0
0,60,1.07,1.11,1,0
1,65,-0.27,-0.74,0,0
0,51,-1.36,0.61,0,1
1,60,-0.91,0.95,0,1
1,68,-0.58,-1.25,0,0
0,52,-0.4,-0.51,0,1
1,75,0.12,1.56,1,0
0,55,-0.68,-0.79,0,1
1,55,-0.1,0.99,0,0
0,54,-0.58,1.03,1,0
0,56,-0.23,-0.3,0,0
0,51,-0.94,-0.28,0,1
0,63,-0.3,-0.15,0,1
1,73,-1.15,-0.69,0,0
1,65,0.35,1.6,1,0
0,60,-0.83,-0.84,0,1
0,50,-1.6,0.53,0,1
0,67,0.04,-0.7,0,1
1,57,-0.06,0,0,0
0,73,-1.53,-0.2,0,1
0,52,-0.41,1.45,1,0
0,61,-1,-0.79,0,1
0,65,0.99,-0.64,0,0
0,73,0.55,-1.16,0,1
1,74,-0.57,-0.72,0,0
1,55,-0.2,0.21,0,0
0,61,-0.32,-0.04,0,1
0,62,0.17,-0.76,0,1
0,65,-0.84,0.16,0,1
1,57,0.15,-0.76,0,0
1,62,-1.18,-0.1,0,0
0,58,-0.93,0.68,0,1
1,55,-0.79,1.01,1,0
0,73,0.76,-0.83,0,0
1,51,-0.88,-0.04,0,0
0,50,0.69,-1.43,0,1
0,57,0.75,-0.22,0,1
1,51,1.67,0.85,1,0
0,59,0.5,0.7,1,0
0,59,0.37,0.28,1,0
1,52,0.06,-0.62,0,0
1,72,-0.92,-0.11,0,0
1,71,-0.31,0.45,0,0
0,53,-0.27,-0.25,0,1
1,66,-1.18,0,0,0
0,65,-1.5,1.17,0,0
1,68,-1.71,-0.2,0,1
1,52,-0.85,0.65,0,0
0,57,0.17,0.37,0,0
0,71,0.77,0.79,1,0
1,57,-1.01,0.5,0,0
1,72,0.58,1.84,0,0
0,57,-0.89,0.37,0,0
1,70,-0.32,-1.04,0,0
1,74,-0.58,-2.7,0,1
0,71,0.3,-0.09,0,1
1,58,-0.82,0.27,0,0
1,58,-0.62,-0.75,0,0
0,60,-0.21,-0.59,0,1
0,73,0.6,0.81,1,0
1,67,-1.37,-0.48,0,1
1,59,0.91,-0.98,1,0
0,73,0.1,1.35,1,0
0,55,-0.72,1.08,0,0
1,74,1.01,-0.9,0,0
0,75,0.39,0.56,1,0
0,67,1.03,-0.01,1,0
1,51,-2.87,1.02,0,1
0,60,0.03,-0.38,0,0
1,75,-0.17,0.74,0,0
1,61,0.69,0.03,0,0
0,62,1.2,0.29,1,0
1,74,-0.03,1.73,0,0
1,74,0.16,-2.07,0,1
0,61,0.05,0.46,1,0
1,58,-0.72,-0.6,0,0
0,67,0.27,-0.96,0,0
1,63,0.9,0.38,0,0
1,75,-0.74,1.98,1,0
0,69,-2.04,-0.02,0,1
0,59,-0.06,-0.46,0,1
1,64,-0.04,-0.32,0,0
0,57,0.74,0.21,1,1
0,71,0.46,1.19,1,0
1,52,-1.48,1.03,0,0
1,73,0.61,0.57,1,0
1,57,1.07,-0.77,0,0
0,69,1.67,0.81,1,1
0,58,1.75,0.38,1,0
1,61,0.38,-0.26,0,0
1,64,-0.37,1.26,0,0
1,73,-1.06,0.53,0,0
1,62,0.32,-0.97,0,0
1,67,0.42,0.78,1,0
0,53,-1.13,-1.37,0,1
1,60,-0.56,-1.5,0,0
0,58,-1.34,0.57,0,0
0,66,2.35,0.11,1,0
0,68,-1.89,-0.67,0,1
1,53,-0.33,0.66,0,0
0,57,-0.97,-0.16,0,1
0,51,-0.66,-0.45,0,1
1,74,-0.5,0.14,0,0
0,67,-1.67,0,0,1
0,63,-0.86,0.1,0,1
1,51,0.58,-0.9,1,0
0,60,-0.2,2.01,1,0
0,73,-0.54,0.36,1,1
1,51,-1.17,0.33,0,0
0,57,-2.18,0.96,0,1
1,59,1.21,0.78,1,0
0,59,1.04,-0.95,1,0
0,56,-0.57,0.49,0,0
1,72,-0.17,1.68,1,0
0,70,-1.02,-0.19,0,1
0,61,1.13,-0.38,1,0
0,58,0.3,-1.59,0,0
0,56,-0.6,1.05,1,1
0,64,-0.03,-0.15,0,1
0,60,-0.19,-0.63,0,0
0,57,0.79,-0.39,1,0
1,71,-1.4,-2.53,0,1
1,58,0.64,-0.87,0,0
1,67,-0.19,-0.08,0,0
0,60,0.35,0.9,0,0
1,72,-1.26,0.63,0,0
1,64,0.52,0.67,1,0
0,70,1.03,-1.08,0,1
0,68,-0.02,1.7,1,0
0,51,0.09,0.17,0,1
0,56,-0.99,-0.66,0,0
0,63,0.47,-0.19,0,0
1,69,-0.16,2.47,1,0
0,58,-0.27,0.11,0,1
0,58,0.3,0.8,1,0
0,55,0.92,0.3,1,0
1,50,1.96,-1.08,1,0
1,74,-0.38,-0.58,0,0
1,70,-1.15,-0.31,0,1
1,56,-0.51,-0.18,0,0
1,71,-0.93,-1.99,0,1
1,56,2.12,-0.33,0,0
1,73,-1.16,-1.36,0,0
1,59,-0.52,-0.95,0,0
1,62,0.37,-1.32,0,0
0,51,-0.5,1.78,1,0
0,56,-1.93,-0.8,0,1
0,71,-1.03,-1.5,0,1
1,73,-0.45,0.34,0,0
1,70,1.5,-0.8,0,0
1,56,-1.47,2.14,0,0
1,60,0.25,0.06,0,0
0,67,0.5,2.21,1,0
1,72,-0.71,-0.33,0,1
0,58,1.83,-0.02,1,0
0,64,-0.77,-0.45,1,0
1,52,1.68,0,1,0
0,66,-0.18,1.43,1,0
1,74,1.37,-1.69,0,0
0,68,1.35,0.12,0,0
0,63,0.48,-0.59,0,0
1,55,1.23,-0.02,1,0
1,66,0.79,1.25,1,0
0,67,0.43,0.43,1,0
1,56,-0.35,-0.27,0,0
1,58,1.11,0.82,1,0
1,52,-1.61,-2.71,0,1
0,64,0.98,1.18,1,0
0,61,0.64,0.17,1,0
1,65,-0.22,0.35,1,0
1,56,-1.17,1.51,0,0
0,72,-0.21,-1.25,0,1
0,64,0.26,-1.2,0,1
1,59,0.24,-1.24,0,0
0,58,0.09,-0.37,0,0
1,66,0.75,0.74,1,0
1,61,0.76,-1.82,0,0
0,71,0.79,-0.21,1,0
0,68,0.7,1.55,1,0
0,58,-2.22,-0.17,0,1
1,63,-1.78,2.46,0,0
1,66,0.25,-0.33,0,0
0,68,0.01,-1.85,0,0
1,57,0.81,-0.16,1,0
0,74,1.91,-0.03,1,0
0,69,1.05,0.03,0,0
0,63,1.71,1.17,1,0
1,54,-0.18,-0.76,0,1
1,64,-0.2,0.67,0,0
0,65,-1.32,0.53,0,1
0,54,-0.41,0.51,0,1
0,68,-1.19,0.61,1,0
1,67,0.99,-0.12,1,0
1,53,-0.23,-0.33,0,0
1,64,-0.91,0.62,0,1
0,60,-1.31,-0.38,0,1
1,62,-2.31,1.46,0,0
1,73,-0.67,0.75,0,0
0,56,2.05,-1.38,1,0
0,60,1.2,0.34,1,0
1,68,1.22,-1.17,0,0
1,62,-0.85,0.74,0,0
1,57,0.58,1.24,0,0
0,73,1.34,0.74,0,0
1,59,0.95,-0.79,0,0
1,72,1.32,1.61,1,0
1,69,1.11,-0.19,0,0
1,65,0.1,-1.18,0,0
0,71,-0.53,0.67,1,0
1,53,-1.79,0.27,0,0
0,68,-0.97,-1.1,0,1
0,54,-0.48,-0.05,0,0
0,56,-1.41,0.58,0,0
0,73,0.61,1.12,1,0
0,71,-0.88,0.48,0,0
1,50,-1.56,0.56,0,0
1,71,-0.24,-0.11,0,0
1,55,-1.01,-0.34,0,0
1,70,-0.31,-2.17,0,1
1,66,-0.01,-1.26,0,0
1,51,-0.39,-2.8,0,1
0,75,-1.93,0.96,0,1
0,65,0.17,-0.36,0,1
0,74,0.64,-0.36,1,0
0,72,1.84,-1.33,0,0
0,73,1.38,-0.13,1,0
1,63,-0.8,1.57,0,0
0,56,0.32,-1,0,1
0,57,0.09,-0.32,0,0
0,53,-1.32,-0.35,0,1
0,68,1.44,0.43,1,0
0,55,-0.78,2.05,1,0
1,64,-0.83,0.49,0,0
1,61,-0.4,0.61,1,0
1,52,-0.59,0,0,0
1,73,-0.4,-0.9,0,0
1,57,-0.19,1.49,1,0
0,70,1.62,0.16,0,0
1,54,0.53,0.47,1,0
0,51,1.16,-0.6,0,0
0,64,1.45,0.25,1,0
1,53,-1.36,-1.99,0,0
0,72,-0.87,1.13,1,0
1,53,-0.71,0.3,0,0
0,72,-1.54,-1.43,0,1
0,61,1.49,-0.77,1,0
0,72,-0.24,0.31,0,1
0,68,-0.87,-2.02,0,1
0,72,-0.94,-1.39,0,1
1,70,0.8,-0.13,0,0
1,59,0.33,0.16,0,0
0,59,1.19,-1.32,0,1
1,50,0.26,-0.88,0,0
1,54,-1.24,0.84,0,1
1,72,-0.9,-1.13,0,0
1,52,1,0.91,0,0
1,58,-0.49,-0.54,0,0
0,62,0.36,0.54,1,0
0,57,0.49,-1.37,0,0
1,57,-1.32,1.39,0,0
1,75,-1.17,-0.74,0,1
0,53,-0.33,-0.77,0,1
0,72,0.53,1.27,1,0
1,55,-0.07,1.65,1,0
0,53,0.42,0.11,1,0
0,53,0.15,0.97,1,0
0,73,0.78,0.33,1,0
0,58,-0.94,1.21,1,0
0,64,0.44,-1.74,0,1
1,69,-1.42,0.29,0,0
0,65,-0.24,-1.98,0,1
1,61,0.67,-0.6,0,0
0,63,-0.47,-0.82,0,1
1,63,0.81,0.99,1,0
1,52,-0.01,0.52,0,0
0,64,-0.24,-1.09,0,1
0,56,0.09,-0.01,0,0
0,74,-0.09,-1.13,0,1
0,71,-1.38,-0.09,0,1
1,57,2.05,-0.14,1,0
0,50,0.97,0.59,0,0
1,59,0.16,-1.18,0,0
0,57,0.67,-0.71,1,0
1,55,0.05,-0.85,0,0
0,62,1.12,-0.22,1,0
1,51,0.23,0.28,0,0
0,55,-0.5,1.73,1,0
0,70,0.8,-0.31,0,1
0,57,-1.17,-0.85,0,1
1,56,1.04,0.32,1,0
1,63,-0.47,-1.15,0,0
0,51,0.61,-0.86,0,0
0,62,-1.94,0.56,0,1
0,69,-1.42,1.21,0,1
0,62,-0.27,0.43,0,1
0,55,-1.27,-0.16,0,1
0,57,0.42,0.07,1,0
0,73,0.94,0.38,0,0
0,58,-0.14,-0.88,0,0
0,58,-0.49,1.41,1,0
1,59,3.69,-0.14,1,0
1,67,0.37,-1,0,0
1,62,-0.97,0.22,0,0
1,64,0.15,0.41,0,0
1,62,1.19,-0.47,0,0
1,67,0.58,0.31,0,0
1,65,0.38,0.76,1,0
0,56,-1.75,1.01,0,0
1,51,0.37,-1.15,0,0
1,72,-0.19,-0.33,0,0
1,53,-0.25,-0.73,0,1
0,72,-0.43,-1.14,0,1
0,64,-0.97,-1.09,0,1
0,56,1.87,2.26,1,0
1,65,0.24,1.25,0,0
1,73,-1.21,0.01,0,0
0,53,0.19,2.48,1,0
1,65,0.84,-0.21,1,0
1,53,0.37,-0.92,0,1
0,71,-0.14,1.04,1,0
1,69,0.34,-0.14,0,0
1,65,-1.65,0.22,0,1
1,55,1.98,0.15,1,0
1,65,0.34,-0.56,0,0
1,52,-1.48,-1.26,0,0
1,58,-0.7,0.61,1,0
0,53,0.46,-1.57,0,0
0,60,-0.55,0.3,0,1
1,65,1.43,-0.62,0,0
1,61,0.06,-0.2,1,0
1,54,0.46,1.26,1,0
0,65,-1.56,0.35,0,1
1,55,-0.38,-1.6,0,1
0,59,0.11,-1.52,1,1
1,72,0.5,0.48,1,0
0,70,-0.7,-0.13,0,1
0,65,-1.81,-0.67,0,1
1,73,0.49,0.8,0,0
0,54,-0.15,-1.92,0,1
1,61,2.57,-0.46,1,0
1,56,0.32,1.06,1,0
0,69,-0.62,0.39,0,1
0,68,1.17,0.06,1,0
1,67,0.26,-1.11,0,1
1,70,-1.13,1.38,0,0
0,59,2.56,1.45,1,0
1,59,-1.8,0.81,0,0
1,59,0.37,-0.3,0,1
1,68,0.03,-0.62,0,1
1,57,-1.52,0.51,0,1
1,71,-0.05,0,0,0
1,60,0.68,0.64,1,0
0,66,0.81,0.33,1,0
0,52,-1.69,-1.05,0,1
1,51,0.71,-1.75,0,1
0,57,-0.69,-0.36,0,1
0,75,-0.84,0.78,0,0
1,67,-0.39,1.51,1,0
0,56,0.22,1.27,1,0
0,54,-0.03,0.09,0,0
0,71,-1.52,-1.06,0,1
0,70,-1.37,0.77,0,1
1,74,-1.82,1.74,0,0
1,69,-0.71,-1.45,0,1
0,58,-2,0.03,0,0
0,71,0.26,-0.58,0,1
0,64,-1.57,-1.51,0,0
0,64,-0.07,0.37,1,0
1,75,0.6,-0.61,0,0
0,62,-1.12,0.29,0,1
1,64,0.98,-0.5,0,0
1,51,-0.97,0.91,0,0
1,60,-0.57,-0.02,0,0
1,57,-0.32,0.51,0,0
1,60,-1.61,0.12,1,0
1,52,-0.77,0.07,0,0
0,60,-1.15,0.08,0,0
0,75,-0.86,-0.88,0,1
1,63,-0.49,-0.37,0,1
1,65,1.84,1.34,1,0
1,64,0.07,0.71,0,0
1,68,0.76,-0.46,0,0
0,63,-1.39,-1.27,0,1
0,71,1.19,2.09,1,0
1,56,-0.19,-1.23,0,0
0,64,-0.09,0.11,1,0
1,53,0.31,0.21,0,0
0,61,-1.21,3.61,1,0
0,52,-1.27,-0.15,0,1
0,51,-0.53,0.27,0,1
1,51,-0.15,0.09,0,0
0,61,-1.41,-0.2,0,0
1,69,0.14,-0.51,0,0
0,53,0.66,-0.68,0,1
1,67,1.35,-1.02,0,0
0,57,0.83,0.34,1,0
1,67,-0.43,0.86,0,0
0,62,-0.61,-2.41,0,1
1,68,-0.45,-0.4,0,0
0,65,-0.48,0.36,0,0
0,53,-1.28,1.12,1,0
0,66,-0.24,0.29,1,0
0,69,0.08,1.05,1,0
1,56,0.16,-0.64,0,0
0,60,-0.02,-0.41,0,1
0,57,0.12,0.26,0,0
1,64,-0.2,1.16,1,0
1,68,1.35,-0.12,0,1
1,67,-0.08,-2.19,0,1
0,65,-0.18,-2.26,0,1
0,66,0.17,0.6,1,0
0,58,0.56,-0.39,0,0
1,57,1,0.85,1,0
1,58,-0.12,-0.09,0,0
0,64,-1.6,-0.02,0,1
0,54,0.48,0.46,0,1
0,62,-2.11,2.06,1,0
1,64,-1.53,0.17,0,0
0,73,0.4,0.53,1,0
1,71,-1.41,-1.68,0,1
1,75,0.44,-0.97,0,0
0,55,-1.16,-0.01,0,1
0,70,0.16,0.67,1,0
0,56,-0.77,-0.6,0,1
0,71,0.73,0.66,1,0
1,63,-1.63,1.81,1,0
1,71,-0.16,0.36,0,0
0,59,-0.3,-2.84,0,1
0,71,-0.82,-1.11,0,0
1,70,1.13,-0.51,0,0
0,70,0.95,-0.66,1,0
1,72,0.07,-0.45,0,0
1,73,-0.55,1.18,1,0
0,52,0.6,-1.54,0,0
1,53,1.04,0.33,1,0
1,54,-1.13,1.85,1,0
0,51,-0.59,-0.04,1,0
0,59,0.35,0.88,1,0
0,72,1.09,1.88,1,0
0,60,-1.96,-0.45,0,1
0,74,1.09,2.33,1,0
0,74,1.31,0.99,1,0
1,64,0.43,-0.62,1,0
1,66,-1.23,-0.28,0,1
1,57,0.4,1.61,1,0
1,57,0.26,0.2,0,0
0,73,1.88,0.16,0,0
0,75,-0.27,-1.19,0,1
0,54,0.19,2.66,1,0
0,72,-0.33,1.58,1,0
0,73,1.97,1.17,1,0
0,71,0.61,1.93,1,0
0,62,-0.83,-0.56,0,1
0,72,-1.57,-0.67,0,1
0,72,0.02,0.48,0,1
0,51,-0.2,0.03,0,1
0,50,0.23,0.67,1,0
0,65,0.34,-0.29,1,0
0,51,0.46,-0.61,0,0
1,61,-0.08,0.94,1,0
0,62,-0.95,0.34,0,1
0,68,-0.59,0.84,0,0
1,63,-0.54,0.56,0,0
1,56,-0.35,0.53,1,0
1,66,0.58,-0.84,0,0
0,64,-1.94,0.49,0,0
0,60,-0.41,0.15,0,1
0,71,-0.37,-1.13,0,1
0,53,1,0.32,0,0
1,60,-0.88,0.42,0,0
0,56,1.63,1.08,1,0
0,54,-0.14,1.21,1,0
1,67,-0.6,0.43,0,0
0,60,-0.23,0.74,0,1
0,68,0.8,-1.85,0,1
0,69,-1.52,0.41,0,0
0,72,-0.3,1.32,1,0
0,58,0.37,0.64,0,0
1,54,-0.35,0.56,0,0
0,67,0.58,-1.37,0,1
1,51,0.02,-0.77,0,1
1,58,1.13,0.79,1,0
1,68,-2.6,-1.3,0,1
0,59,0.78,0.26,1,0
1,70,0.86,-1.2,0,0
1,69,0.25,-0.84,0,0
0,51,0.77,-0.89,1,1
0,62,-0.25,-0.34,0,1
1,71,1.82,0.22,1,0
0,66,0.63,-1.42,0,1
1,66,0.62,-2.02,0,0
1,64,0.52,0.29,1,0
0,53,1.31,-0.72,1,0
1,63,-0.36,-0.04,0,0
1,56,0.12,-0.54,0,1
1,59,1.04,-0.44,1,0
0,62,0.44,-0.75,0,0
0,67,0.26,-1.04,0,0
0,64,0.9,-0.17,1,0
1,52,-2.1,1.23,0,0
0,54,0.3,1.91,1,0
0,51,-1.54,0.66,0,0
1,50,-1.75,-0.09,0,0
0,63,-1.65,0.11,0,0
1,68,0.26,-0.94,0,0
0,63,-0.62,0.37,0,1
1,70,1.09,0.01,1,0
1,68,0.42,-1,0,0
1,56,0.77,-1.03,0,1
1,68,0.44,1.28,1,0
1,58,-0.16,-0.58,0,1
1,71,-0.47,-0.2,0,1
0,55,-0.35,1.92,0,0
1,61,0.37,-2.5,0,0
0,63,1.33,-0.38,0,0
1,74,0.98,-1.06,0,0
1,57,-0.36,0.34,0,0
1,71,-0.97,0.09,0,1
0,53,1.8,-0.89,1,0
1,53,0.07,-0.19,1,0
0,52,0.03,0.33,0,0
0,70,-0.71,-0.76,0,1
0,51,-0.34,-0.98,0,1
0,66,-1.22,1.48,1,0
0,63,-0.23,0.11,0,0
0,72,-1.82,1.21,0,1
1,74,-1.38,-1.52,0,1
1,67,1.61,0.38,1,0
1,58,1.02,1.27,1,0
0,61,-1.84,1.86,0,1
1,58,-0.63,-0.49,0,0
1,52,0.82,1.04,1,0
1,63,1.74,1.1,1,0
1,66,-0.81,-0.65,0,0
1,68,0.48,2.24,1,0
0,74,1.12,-0.12,1,0
1,62,-0.67,1.41,0,1
1,61,-1.72,-0.85,0,1
0,63,1.72,-0.99,0,0
1,70,0.13,-0.27,0,1
0,57,0.35,1.83,1,0
0,74,1.4,0.21,0,0
1,67,0.83,0.74,0,0
0,74,1.55,1.51,1,0
0,66,-0.59,1.16,1,0
1,71,-0.18,0.52,0,0
0,57,-0.48,-0.24,0,1
1,61,0,-0.05,0,0
1,65,0.81,-1.42,0,0
0,53,-0.61,0.55,0,1
0,57,0.64,0.21,1,0
0,51,-0.62,-0.39,0,1
1,52,-1.94,1.37,0,1
0,61,0.43,-1.91,0,0
1,57,-0.45,0.4,1,0
0,70,0.07,1.88,0,0
0,62,-1.06,0.59,1,0
1,59,-0.67,-0.05,0,0
1,73,0.22,-1.45,0,1
1,70,-0.56,-0.14,0,0
0,63,-0.6,-0.11,1,0
0,71,-1.99,1.02,0,1
0,70,0.97,-0.1,1,0
1,72,-0.35,-1.8,0,1
1,54,-0.54,0.68,0,0
1,58,-0.12,-1.24,0,1
1,63,-1.2,1.05,0,0
0,62,-1.19,1.02,0,1
0,59,0.56,-0.81,0,1
0,72,0.39,-0.27,1,0
1,66,2.06,-0.07,0,0
0,58,-0.32,0.43,1,0
0,51,0.68,-0.5,1,0
1,70,-0.08,0.75,1,0
0,53,-2.07,0.45,0,1
0,64,-0.35,0.09,0,1
1,74,1.17,0.24,1,0
0,53,-0.78,-0.67,1,0
1,56,-2.05,-0.37,0,0
0,55,-0.78,-1.84,0,1
1,73,0.39,0.25,0,0
1,66,-0.14,0.29,0,0
0,51,-0.89,0.33,1,0
0,51,1.1,-1.27,1,0
0,52,-0.93,-0.99,0,1
1,61,-0.61,2.1,0,0
0,74,0.97,-1.03,0,1
1,61,-0.83,0.61,0,0
0,58,-0.73,1.79,1,0
0,52,-1.28,0.02,0,1
0,56,-0.32,-0.12,0,0
1,57,-0.14,0.98,1,0
0,73,-2.03,0.55,0,1
1,59,0.26,1.4,0,0
1,74,1.1,0.94,1,0
0,65,-1.08,-0.65,0,1
0,55,-0.88,1.02,1,0
0,61,-1.17,0.78,0,1
0,72,-0.59,-0.88,0,1
0,70,0.55,1.27,1,0
1,58,-0.36,-0.49,0,0
0,55,-1.14,-0.39,0,1
1,52,0.18,-2.22,0,1
0,55,0.84,0.27,1,0
1,51,-0.71,1.02,0,0
1,67,0.04,0.2,0,0
1,50,-0.08,1.39,1,0
0,56,-0.09,1.91,0,0
0,63,-0.41,-1.45,0,1
0,56,1.99,1.17,1,0
1,57,2.24,-0.18,0,0
0,71,-1.02,-0.13,0,1
1,69,-0.89,-1.11,0,0
1,66,0.61,0.33,1,0
0,70,-0.41,-0.46,0,0
1,70,-0.66,-1.35,0,1
1,66,0.55,-0.75,0,0
1,73,0.5,1.5,1,0
1,71,-1.26,-1.14,0,1
0,69,0.66,-3.49,0,0
1,51,0.4,-0.61,0,0
0,52,2.11,0.48,1,0
1,74,0.12,-0.5,0,0
0,50,0,-1.26,0,0
1,60,-0.84,-1.6,0,0
1,51,-0.69,-1.08,0,0
1,52,-0.18,0.93,1,0
1,71,0.66,0.49,0,0
1,70,-0.44,1.4,1,0
0,53,-0.45,-0.17,1,0
1,66,-0.62,-0.56,0,1
0,67,-1.82,-0.75,0,1
0,73,-1.24,-0.46,0,1
0,64,1.16,-0.32,1,0
1,64,0.43,0.73,0,0
1,52,0.55,-0.6,1,0
1,62,-0.51,-2.59,0,1
0,63,-0.3,1.07,0,1
0,67,-0.19,-0.31,0,0
0,72,-0.59,-1.93,0,1
0,52,-0.11,-0.21,0,1
1,51,0.01,0.28,0,0
1,71,-1.49,0.86,0,1
0,67,-1.59,-0.67,0,1
0,53,1.63,-0.52,0,0
0,72,1.9,-0.22,1,0
0,54,-0.94,0.88,1,0
1,66,0.35,-1.02,0,0
0,72,0.55,0.22,0,1
0,66,0.4,-0.86,0,1
0,70,-0.38,0.93,1,0
0,60,-1.9,1.01,1,0
1,52,-1.27,-0.94,0,0
1,67,-0.35,-0.19,0,0
1,50,-0.6,-0.55,0,0
1,52,-1.09,0.9,0,0
0,52,0.11,-0.77,0,0
0,69,0.15,-0.91,0,0
0,52,-0.74,-1.64,0,1
0,74,0.45,0.13,1,0
1,57,0.2,0.42,1,0
1,65,1.86,-0.29,1,0
1,61,-1.1,-0.97,0,1
1,57,-0.44,-1.12,0,1
0,62,1.05,0.69,1,0
0,69,0.17,0.78,0,0
0,65,-0.78,1.26,1,0
1,54,-2.38,-1.73,0,1
0,57,0.84,-0.01,0,0
0,62,-1.49,-1.09,0,1
0,61,-0.54,-0.33,0,1
1,74,0.99,-0.69,0,0
1,51,-0.67,0.26,0,0
1,54,1.29,0.2,1,0
1,57,-0.18,-0.06,0,0
1,59,-1.16,0.01,0,0
0,68,0.58,-0.52,0,1
0,57,-0.04,0.98,0,0
1,64,1.35,0.01,1,0
0,57,-1.6,-0.58,0,0
0,63,0.76,-1.25,0,1
1,54,-0.74,-0.73,0,0
1,68,-0.48,-1.19,0,1
1,60,1.43,-2.09,0,0
1,50,-0.78,-2.35,0,1
0,61,0.79,-0.22,1,0
0,73,1.27,-0.67,0,1
1,64,1.62,0.57,1,0
1,51,1.1,-1.48,0,0
1,52,0.08,1.08,1,0
0,75,0.81,-0.17,1,0
0,53,-0.81,-1.29,0,1
0,74,1.51,-0.29,1,0
0,56,-1.84,-1.26,0,1
0,57,-0.42,1.4,1,0
0,65,-1.03,0.63,0,1
0,75,-0.97,0.13,0,0
0,55,-0.09,-0.27,0,1
0,60,1.01,2.04,1,0
0,61,0.36,0.51,0,0
1,68,0.04,0.87,1,0
0,70,0.11,0.15,0,0
1,74,-0.69,-1.22,0,1
0,55,-0.5,1.73,1,0
0,73,-1.99,-1.58,0,1
0,53,1.31,-0.56,1,0
0,51,-0.03,-0.2,1,0
0,60,-0.15,1.88,1,0
1,60,-0.62,0.26,0,0
0,60,-0.66,-1.36,0,1
1,51,0.74,0.03,1,0
0,72,0.12,-0.16,1,0
1,70,0.12,0.2,0,0
1,51,-1.53,0.6,0,0
1,64,-1.38,1.05,0,0
0,69,0.42,-0.24,0,1
0,75,0.17,-0.02,1,0
1,58,0.21,-0.39,1,0
1,73,-1.94,-0.52,0,1
0,69,-0.13,0.54,0,0
1,51,0.23,-1.46,0,1
0,53,-0.55,1.49,0,1
1,67,0.41,0.43,1,0
1,56,-0.33,-0.23,0,0
1,61,1.33,-1.43,0,1
1,52,2.74,-1.15,1,0
1,56,-1.01,-0.31,0,1
0,68,1.22,-0.49,0,1
0,63,0.21,0.85,1,0
1,54,0.4,0.3,0,0
1,64,-0.45,-0.52,0,0
0,59,-0.44,1.11,1,0
0,70,0.73,-0.45,1,0
1,73,0.43,-1.82,0,1
0,68,0.09,0.05,1,1
0,64,0.95,-0.53,0,1
0,71,1.85,2,1,0
0,52,0.27,-0.79,0,1
0,51,-1.26,0.01,0,0
0,70,-1.42,-0.83,0,1
0,56,-1.16,-1.39,0,0
1,62,-0.2,0.37,0,1
1,54,-0.79,-1.66,0,1
1,72,-0.57,-1.3,0,1
0,51,0.06,0.62,1,0
1,73,0.97,0.62,1,0
0,52,-1.53,1.68,0,0
0,62,0.14,0.56,1,0
0,73,-1.05,0.74,0,1
1,67,0.35,-1.09,0,0
1,73,-1.12,-0.47,0,0
1,58,-0.54,-0.66,0,0
1,57,-0.18,0.24,0,0
0,71,1.42,0.99,1,0
0,62,-0.51,0.73,0,1
0,58,0.1,-0.38,1,0
0,61,1.79,-0.07,0,0
0,71,-0.74,0.48,0,1
0,59,1.4,0.15,0,0
0,73,-0.94,-0.95,0,1
0,66,0.68,2.43,1,0
0,55,-0.5,-0.06,0,0
0,70,0.04,-0.33,1,0
1,58,-0.02,0.44,0,0
0,60,0.84,0.52,1,0
0,59,0.72,-0.97,0,1
1,72,-1.04,0.31,0,1
1,54,-0.46,0.93,1,0
1,69,0.39,-1.22,0,1
1,68,-1.08,1.41,0,0
1,55,0.96,-0.88,0,0
0,52,-0.57,-0.92,1,0
0,71,-0.24,-1.41,0,1
1,52,-0.93,0.6,0,0
0,60,0.53,1.69,1,0
1,52,1.43,1.68,1,0
0,69,0.4,0.02,1,0
1,58,-0.09,-0.42,0,0
1,64,0.64,-1.01,0,1
1,73,1.31,1.6,1,0
1,69,-1.16,-1.8,0,1
0,59,-1.02,-0.47,0,1
1,56,-0.05,-0.15,0,0
0,70,0.79,-1.54,0,1
1,70,-2.65,0.37,0,0
0,74,1.47,-0.59,1,0
0,62,0.5,1.47,1,0
1,62,0.83,0.43,1,0
1,73,0.55,-0.98,0,0
0,70,0.4,-0.8,0,1
0,57,0.33,1.27,1,0
1,63,-2.18,-0.26,0,1
1,72,-1.49,-1.23,0,1
1,73,-0.75,1.17,0,1
0,52,-0.66,0.33,0,0
1,69,-1.69,1.08,0,0
0,56,-0.22,-0.12,1,0
0,51,0.5,-0.43,1,0
1,61,1.19,0.05,0,0
1,51,0.38,0.7,0,0
0,64,-0.63,-0.18,1,0
0,54,-3.18,0.38,0,1
1,58,-0.68,-0.5,0,0
0,56,0.88,-0.82,0,1
1,53,0.57,-0.08,0,0
0,66,0.49,-1.24,0,1
0,60,-0.3,1,1,0
1,52,-1.73,-0.14,0,0
1,51,-1.28,-0.29,0,0
1,61,-0.42,-0.72,0,0
0,56,0.78,-0.08,0,1
0,63,0.74,-1.03,0,1
0,61,-1.07,0.12,0,0
1,74,-0.64,0.35,0,1
0,62,-0.11,-0.43,0,1
0,54,0.63,0.14,0,0
1,65,-0.7,-0.79,0,0
1,61,0.01,-0.25,0,0
1,65,0.02,0.3,0,0
1,56,-0.35,0.61,0,0
0,51,-0.45,0.31,1,0
1,56,-1.48,0.94,0,0
0,72,1.16,-1.88,0,1
1,65,0.54,-1.59,0,0
0,68,-0.46,0.7,1,0
0,61,-1.66,0.73,0,1
1,62,0.36,-0.15,1,0
0,74,-1.24,0.24,0,1
1,62,-0.13,-0.49,0,0
0,60,-1.85,0.71,0,0
1,51,0.6,-1.11,0,1
1,71,-1.03,0.29,0,1
1,53,0.26,0.53,1,0
1,63,1.63,1.34,1,0
0,62,-0.62,1.79,0,0
1,74,0,1.49,1,0
1,54,0.45,1.47,1,0
0,71,-1.66,0.68,0,1
0,63,0.56,-0.85,0,0
0,72,-0.19,0.27,1,0
1,51,-2,0.08,0,0
1,71,1.07,-0.38,0,1
1,67,1.29,0.66,1,0
0,57,0.55,0.98,0,1
0,75,0.35,1.69,1,0
0,56,-1.07,-0.65,0,1
1,52,1.43,0.57,0,0
1,54,0.42,0.14,1,0
0,55,0.3,-0.15,0,1
1,60,0.79,-0.11,0,0
0,55,0.95,-1.28,0,1
0,60,0.9,0.85,1,0
0,65,-1.86,0.6,0,0
0,51,-0.31,-0.76,0,1
0,72,-1.42,-0.17,0,1
1,61,-1.08,-0.21,0,0
0,55,-0.21,0.39,1,0
0,75,-0.29,1.02,1,0
0,56,-0.99,1.16,1,0
0,54,1.23,1.63,1,0
0,56,0.58,-0.24,0,0
0,64,-1.19,-0.25,0,0
1,62,0.35,0.29,1,0
1,54,-1.14,1.26,1,0
0,68,1.46,-1.17,1,1
1,70,0.39,0.55,0,0
0,68,-0.84,0.11,0,1
0,61,-0.64,0.35,0,1
0,61,0.47,-1.19,0,1
0,73,-1.55,-0.31,0,1
1,52,-1.19,-0.38,0,0
0,58,-1.07,2.64,0,0
1,57,-0.95,0.14,0,0
0,67,0.53,-0.72,1,0
1,59,1.69,-1.23,0,0
1,71,-1.28,-0.92,0,0
1,75,-1.03,-1.15,0,1
1,57,-1.03,-1.64,0,1
0,67,-1.55,0.96,0,0
0,52,0.11,-0.01,1,0
0,51,-0.06,-0.1,1,0
1,53,0.33,0.29,0,0
0,55,-0.59,-1.13,0,0
1,68,0.24,0.91,1,0
0,74,0.05,-0.55,0,0
1,65,-0.22,-0.28,0,1
0,65,0.21,-0.23,0,1
1,61,2.27,1.64,1,0
1,66,0.54,0.21,0,0
0,55,-1.14,0.29,0,0
0,55,2.05,-0.71,1,0
1,53,0.61,-0.73,0,0
1,54,1.3,0.03,1,0
1,68,-0.48,-1.41,0,0
1,65,-0.86,-0.41,0,0
0,61,-1.57,0.76,0,0
0,64,1.19,1.03,1,0
0,75,0.13,-0.2,0,1
1,53,-0.36,0.37,0,0
0,59,-1.16,-0.16,0,1
1,57,0.15,0.21,0,0
1,54,-0.31,-0.4,0,0
0,75,0.94,0.46,0,0
0,62,0.19,1.48,1,1
1,66,-0.25,-0.65,0,0
1,56,0.33,-0.79,0,0
0,68,-0.11,-1.45,0,1
1,53,1.72,0.72,1,0
1,63,0.64,-0.2,0,0
0,67,-0.54,-0.29,0,1
0,68,-0.15,0.61,0,1
0,75,-0.01,0.51,0,1
1,53,1.38,0.67,1,0
0,65,1.13,1.56,1,0
1,52,-0.4,-0.3,0,0
1,52,-0.03,-1.76,0,0
1,68,0.75,0.17,1,0
0,64,0.2,0.01,1,0
0,69,-0.81,2.97,1,0
0,53,1.2,0.6,1,0
0,74,0.36,0.07,1,0
1,66,1.24,1,1,0
1,72,-0.55,-0.49,0,0
1,57,-0.88,0.86,0,0
0,67,0.55,-1.16,0,1
0,69,-0.34,1.25,1,0
1,70,-0.35,-0.76,0,1
1,51,0.5,-0.23,0,0
1,58,-1.49,0.41,0,1
1,70,0.45,1.34,1,0
1,69,1.69,1.83,1,0
0,65,1.67,0.11,1,0
0,53,-1.29,1.37,0,1
1,62,-1.05,-0.7,1,0
0,72,1.41,0.34,1,0
0,52,0.94,0.85,1,0
0,70,0.62,0.94,1,0
0,58,0.47,-0.16,0,1
0,64,1.39,-2.28,1,0
0,67,1.12,0.19,1,0
1,61,0.44,-0.7,0,0
1,72,0.85,1.17,0,0
0,52,-0.48,0.66,0,0
0,57,0.33,-1.7,0,1
0,73,-0.99,1.13,1,0
0,51,1.09,1.01,1,0
1,59,0.59,0.45,0,0
0,72,0.51,-0.59,0,0
1,52,1.1,-0.29,1,0
1,68,0.61,0.83,1,0
0,55,-0.81,-0.62,0,1
0,59,-0.07,0.3,0,0
0,54,1.62,1.4,1,0
1,61,2.53,0.6,1,0
1,73,-1.07,-2.02,0,0
1,67,0.64,0.16,0,0
0,64,0.47,-0.39,1,0
0,66,-1.22,0.36,0,1
1,56,0.42,0.09,1,0
1,72,1.98,-0.86,0,0
1,69,-0.65,0.1,0,0
1,53,-0.21,2.16,1,0
0,75,-1.33,0,0,1
0,60,-0.09,0.1,1,0
1,52,1.48,1.69,1,0
1,65,1.42,-0.48,1,0
1,62,-0.71,-0.55,0,0
1,68,-0.22,0.58,0,0
0,56,-0.19,-1.13,0,1
0,69,0.54,0.6,1,0
0,74,0.53,-1.64,0,1
0,60,-0.26,0.44,1,0
1,71,-0.09,-0.41,0,0
1,50,1.09,0.67,1,0
1,56,-0.68,-2,0,1
0,53,0.87,1.59,1,0
1,50,-2.09,-0.64,0,1
0,71,0.63,-0.58,0,1
1,58,0.44,1.16,1,0
1,62,-1.66,0.03,0,1
1,74,-0.44,0.01,0,1
0,59,-1.78,0.34,0,1
1,56,-0.78,-2.6,0,1
1,56,-0.02,-0.94,0,0
1,52,1.19,0.3,1,0
1,70,0.31,0.91,1,0
0,64,0.83,-0.17,1,0
0,70,-0.09,1.14,1,0
1,58,-0.4,-1.28,0,0
1,64,1.15,-1.45,0,0
0,60,-1.28,0.56,0,1
0,54,0.12,-0.91,1,0
1,60,-0.67,0.12,0,0
1,70,-0.98,0.56,0,0
0,59,-1.97,0.97,0,1
1,73,-0.15,1.03,0,0
1,65,-2.19,0.77,0,0
1,61,1.23,0.28,1,0
0,67,1.01,1.32,1,0
1,74,0.43,-0.55,0,0
0,54,1.11,0.68,1,0
1,55,0.31,0.46,0,0
0,74,0.4,0.74,1,0
0,52,-1.47,-0.84,0,1
0,72,-0.78,0.84,0,0
0,61,-0.99,2.14,1,0
1,57,0.39,1.47,1,0
0,68,-0.03,0.73,1,0
0,68,0.18,1.05,1,0
0,69,0.47,1.04,0,0
1,54,-0.69,-0.44,0,0
1,50,1.52,-0.55,1,0
1,53,1.29,0.55,1,0
1,53,0.47,-1.57,0,0
1,52,-2.78,-0.77,0,1
1,74,0.63,-0.34,0,0
1,55,-0.25,2.02,1,0
0,67,-0.6,-0.21,0,1
1,74,-0.42,-0.35,0,0
1,62,-0.72,-0.52,0,0
1,57,-0.11,-1,0,0
1,66,0.11,0.37,1,0
0,55,1.87,0.34,0,0
0,60,0.59,0.23,1,0
1,52,1.17,0.16,0,0
1,69,0.85,0.85,1,0
0,56,-1.33,-1.29,0,1
0,52,-1.06,0.87,0,0
0,71,-0.97,1.24,0,1
0,58,-0.37,-2.01,0,1
0,68,-0.53,-0.81,0,0
0,56,-2.06,-0.46,0,1
1,75,-0.41,-0.63,0,0
0,67,1.07,0.54,1,0
1,57,0.01,0.97,1,0
0,70,-0.81,0.32,1,0
0,55,-0.72,-0.5,0,1
0,59,-0.76,0.05,0,1
1,56,1.33,0.64,0,0
0,67,-3.4,-0.73,0,1
1,56,0.45,0.52,1,0
1,74,-0.29,0.27,0,0
1,52,-1.72,-0.17,0,0
1,55,-0.67,0.18,0,0
0,75,0.09,-0.04,1,0
1,64,-0.9,1.49,0,0
1,62,0.44,0.48,1,0
1,53,-0.85,-0.59,0,1
1,67,-1.17,-0.32,0,1
1,62,0.25,-0.03,1,0
0,71,0.03,0.57,1,0
0,66,1.05,-0.71,0,1
0,68,1.01,0.55,1,0
0,52,-0.48,0.37,0,1
0,62,-1.49,-0.57,0,1
1,57,-1.29,-0.59,0,0
1,51,-0.18,-0.72,0,0
1,54,-1.21,0.25,0,0
0,54,-0.17,-0.16,0,1
0,58,0.99,-0.47,1,0
0,50,0.75,-0.18,0,0
1,72,-0.26,1.55,1,0
1,57,2.46,-1.79,0,0
0,55,0.13,-1.78,0,1
1,51,0.26,-1.03,0,0
0,68,0.92,-0.67,0,1
1,58,-0.73,-0.1,0,0
0,60,0.86,-0.88,0,0
1,56,0,0.84,0,0
0,62,0,0.75,0,0
0,58,0.22,0.95,1,0
0,66,0.26,-0.4,0,0
0,66,1.57,0.93,1,0
1,74,-1.85,-0.41,0,1
0,73,-0.72,-1.29,0,1
1,67,1.3,-0.43,0,0
0,51,1.04,1.1,1,0
1,64,0.46,0.16,1,0
1,62,-0.55,-1.78,0,1
1,65,-1.06,1.22,0,0
1,58,-0.03,-1.37,0,1
1,72,-0.91,-0.28,0,1
1,69,1.66,1.3,1,0
1,67,-0.06,-2.67,0,1
1,75,0.41,0.7,0,0
0,65,0.66,0.23,0,1
0,73,0.08,-0.19,0,0
1,64,-0.2,1.64,1,0
0,59,-0.34,-0.24,0,0
1,52,2.01,-0.89,1,0
0,60,0.84,1.21,1,0
0,67,0.59,1.58,1,0
0,63,0.55,0.45,0,0
0,53,0.12,-2.19,0,1
0,66,0.42,0.77,1,0
0,61,-0.76,-0.12,0,1
1,70,1.28,-0.07,0,0
0,55,-0.83,-0.1,0,0
0,69,-0.17,0.55,0,0
0,67,-1.24,1.38,0,0
0,70,0.8,-0.73,0,1
0,54,0.64,-1.09,1,0
1,63,-0.04,0.7,0,0
1,73,-0.62,1.05,1,0
1,70,0.68,2.57,1,0
0,50,0.51,-0.02,0,1
1,69,-0.66,0.25,0,0
1,64,1.64,0.04,1,0
0,64,-1.04,-1.54,0,1
1,67,-1.14,-0.69,0,1
0,59,-1.75,1.01,0,0
1,69,0.37,0.21,1,0
0,64,1.41,2.84,1,0
1,69,-0.68,1.46,0,0
1,59,-0.59,0.52,0,1
0,55,0.03,0.82,1,0
0,72,-0.21,3.16,1,0
0,74,-0.43,-0.8,0,1
0,62,-0.25,-0.05,0,1
1,67,1.22,-1.48,1,0
1,63,1.69,-0.14,1,0
